#	A	C	D	E	F	G	H	I	K	L	M	N	P	Q	R	S	T	V	W	Y
104|0	0.125	0.125	0.0	0.0	0.0	0.125	0.0	0.0	0.0	0.125	0.0	0.125	0.125	0.0	0.0	0.0	0.0	0.0	0.0	0.25
127|0	0.1111111111111111	0.1111111111111111	0.0	0.0	0.0	0.0	0.0	0.0	0.2222222222222222	0.1111111111111111	0.0	0.0	0.0	0.0	0.0	0.0	0.2222222222222222	0.1111111111111111	0.0	0.1111111111111111
1|0	0.2	0.2	0.0	0.0	0.2	0.0	0.0	0.2	0.0	0.0	0.2	0.0	0.0	0.0	0.0	0.0	0.0	0.0	0.0	0.0
2|0	0.0	0.2	0.2	0.0	0.4	0.0	0.0	0.2	0.0	0.0	0.0	0.0	0.0	0.0	0.0	0.0	0.0	0.0	0.0	0.0
3|0	0.0	0.2	0.0	0.0	0.2	0.4	0.0	0.0	0.0	0.2	0.0	0.0	0.0	0.0	0.0	0.0	0.0	0.0	0.0	0.0
4|0	0.0	0.2	0.0	0.0	0.2	0.2	0.0	0.0	0.0	0.2	0.0	0.0	0.0	0.0	0.0	0.2	0.0	0.0	0.0	0.0
5|0	0.0	0.2	0.0	0.0	0.2	0.2	0.0	0.0	0.0	0.2	0.0	0.0	0.0	0.0	0.0	0.2	0.0	0.0	0.0	0.0
6|0	0.2	0.0	0.2	0.2	0.0	0.0	0.2	0.0	0.2	0.0	0.0	0.0	0.0	0.0	0.0	0.0	0.0	0.0	0.0	0.0
7|0	0.2	0.0	0.0	0.0	0.0	0.0	0.0	0.0	0.2	0.0	0.0	0.0	0.0	0.2	0.0	0.0	0.2	0.2	0.0	0.0
8|0	0.2	0.0	0.0	0.0	0.0	0.0	0.0	0.0	0.0	0.0	0.0	0.2	0.0	0.2	0.2	0.0	0.2	0.0	0.0	0.0
9|0	0.0	0.0	0.0	0.0	0.0	0.0	0.0	0.0	0.0	0.0	0.0	0.8	0.0	0.0	0.0	0.0	0.0	0.0	0.2	0.0
10|0	0.0	0.2	0.0	0.0	0.0	0.2	0.0	0.2	0.0	0.0	0.0	0.0	0.0	0.0	0.0	0.0	0.0	0.2	0.2	0.0
11|0	0.2	0.0	0.2	0.0	0.0	0.2	0.0	0.0	0.0	0.0	0.0	0.0	0.0	0.0	0.2	0.0	0.0	0.2	0.0	0.0
12|0	0.0	0.0	0.0	0.2	0.0	0.2	0.0	0.2	0.2	0.0	0.2	0.0	0.0	0.0	0.0	0.0	0.0	0.0	0.0	0.0
13|0	0.0	0.0	0.0	0.2	0.0	0.2	0.0	0.0	0.0	0.0	0.2	0.0	0.0	0.0	0.2	0.0	0.2	0.0	0.0	0.0
14|0	0.0	0.0	0.0	0.2	0.0	0.0	0.0	0.0	0.0	0.0	0.0	0.4	0.0	0.0	0.2	0.0	0.2	0.0	0.0	0.0
15|0	0.0	0.0	0.0	0.2	0.0	0.2	0.0	0.0	0.0	0.0	0.0	0.0	0.2	0.0	0.2	0.0	0.0	0.2	0.0	0.0
16|0	0.0	0.0	0.2	0.0	0.0	0.0	0.0	0.0	0.2	0.2	0.0	0.0	0.0	0.0	0.0	0.0	0.0	0.0	0.2	0.2
17|0	0.0	0.0	0.2	0.0	0.0	0.0	0.2	0.0	0.0	0.0	0.2	0.0	0.0	0.0	0.0	0.0	0.0	0.0	0.2	0.2
18|0	0.0	0.2	0.0	0.0	0.2	0.0	0.0	0.0	0.0	0.2	0.0	0.0	0.0	0.0	0.0	0.4	0.0	0.0	0.0	0.0
19|0	0.2	0.0	0.0	0.2	0.2	0.2	0.0	0.0	0.2	0.0	0.0	0.0	0.0	0.0	0.0	0.0	0.0	0.0	0.0	0.0
20|0	0.0	0.0	0.0	0.0	0.0	0.2	0.0	0.0	0.0	0.0	0.0	0.6	0.0	0.0	0.0	0.0	0.0	0.0	0.2	0.0
21|0	0.0	0.0	0.0	0.0	0.2	0.0	0.0	0.2	0.0	0.0	0.0	0.0	0.0	0.0	0.2	0.0	0.2	0.2	0.0	0.0
22|0	0.0	0.0	0.0	0.2	0.4	0.0	0.0	0.0	0.0	0.2	0.0	0.0	0.2	0.0	0.0	0.0	0.0	0.0	0.0	0.0
23|0	0.0	0.0	0.0	0.2	0.2	0.0	0.2	0.0	0.0	0.2	0.0	0.0	0.2	0.0	0.0	0.0	0.0	0.0	0.0	0.0
24|0	0.2	0.0	0.0	0.2	0.0	0.0	0.2	0.0	0.2	0.0	0.2	0.0	0.0	0.0	0.0	0.0	0.0	0.0	0.0	0.0
25|0	0.0	0.0	0.0	0.2	0.4	0.0	0.0	0.0	0.0	0.0	0.2	0.0	0.2	0.0	0.0	0.0	0.0	0.0	0.0	0.0
26|0	0.0	0.2	0.2	0.0	0.2	0.0	0.0	0.2	0.0	0.0	0.2	0.0	0.0	0.0	0.0	0.0	0.0	0.0	0.0	0.0
27|0	0.0	0.0	0.0	0.0	0.0	0.2	0.0	0.0	0.0	0.0	0.0	0.8	0.0	0.0	0.0	0.0	0.0	0.0	0.0	0.0
28|0	0.0	0.0	0.0	0.0	0.0	0.2	0.0	0.0	0.0	0.0	0.0	0.6	0.0	0.0	0.0	0.0	0.0	0.0	0.2	0.0
29|0	0.0	0.0	0.0	0.0	0.0	0.2	0.0	0.0	0.0	0.0	0.0	0.6	0.0	0.0	0.0	0.0	0.0	0.0	0.2	0.0
30|0	0.0	0.0	0.0	0.0	0.2	0.0	0.0	0.2	0.0	0.0	0.0	0.2	0.2	0.0	0.0	0.0	0.2	0.0	0.0	0.0
31|0	0.0	0.0	0.0	0.0	0.2	0.0	0.0	0.0	0.0	0.0	0.0	0.2	0.2	0.0	0.0	0.0	0.2	0.0	0.2	0.0
32|0	0.0	0.0	0.0	0.0	0.0	0.2	0.0	0.0	0.2	0.0	0.2	0.0	0.0	0.2	0.0	0.0	0.0	0.0	0.0	0.2
33|0	0.0	0.0	0.0	0.0	0.0	0.2	0.0	0.2	0.0	0.0	0.2	0.0	0.0	0.2	0.2	0.0	0.0	0.0	0.0	0.0
34|0	0.0	0.0	0.2	0.0	0.0	0.0	0.0	0.0	0.2	0.0	0.0	0.2	0.0	0.0	0.0	0.2	0.0	0.0	0.0	0.2
35|0	0.2	0.0	0.0	0.0	0.0	0.0	0.0	0.0	0.2	0.0	0.0	0.0	0.0	0.0	0.2	0.2	0.2	0.0	0.0	0.0
36|0	0.0	0.0	0.0	0.0	0.0	0.0	0.0	0.0	0.0	0.0	0.0	0.2	0.0	0.0	0.2	0.2	0.2	0.2	0.0	0.0
37|0	0.0	0.0	0.0	0.2	0.4	0.0	0.0	0.0	0.0	0.0	0.0	0.0	0.2	0.0	0.0	0.0	0.0	0.2	0.0	0.0
38|0	0.0	0.0	0.0	0.2	0.2	0.0	0.0	0.2	0.0	0.0	0.0	0.0	0.0	0.2	0.0	0.0	0.0	0.0	0.2	0.0
39|0	0.0	0.16666666666666666	0.0	0.0	0.0	0.0	0.0	0.0	0.0	0.3333333333333333	0.0	0.0	0.0	0.0	0.0	0.0	0.16666666666666666	0.3333333333333333	0.0	0.0
40|0	0.0	0.0	0.0	0.16666666666666666	0.16666666666666666	0.16666666666666666	0.0	0.16666666666666666	0.0	0.0	0.0	0.0	0.0	0.16666666666666666	0.0	0.0	0.0	0.0	0.16666666666666666	0.0
41|0	0.0	0.0	0.0	0.0	0.0	0.0	0.0	0.16666666666666666	0.16666666666666666	0.0	0.0	0.16666666666666666	0.16666666666666666	0.0	0.0	0.0	0.16666666666666666	0.0	0.0	0.16666666666666666
42|0	0.16666666666666666	0.0	0.0	0.0	0.16666666666666666	0.16666666666666666	0.0	0.16666666666666666	0.0	0.0	0.0	0.0	0.0	0.16666666666666666	0.0	0.0	0.0	0.0	0.16666666666666666	0.0
43|0	0.16666666666666666	0.0	0.0	0.16666666666666666	0.16666666666666666	0.0	0.0	0.16666666666666666	0.0	0.0	0.0	0.0	0.0	0.16666666666666666	0.0	0.0	0.0	0.0	0.16666666666666666	0.0
44|0	0.0	0.0	0.16666666666666666	0.0	0.0	0.0	0.0	0.0	0.16666666666666666	0.16666666666666666	0.16666666666666666	0.0	0.0	0.0	0.0	0.0	0.0	0.0	0.16666666666666666	0.16666666666666666
45|0	0.0	0.0	0.16666666666666666	0.0	0.0	0.0	0.16666666666666666	0.0	0.0	0.0	0.3333333333333333	0.0	0.0	0.0	0.0	0.0	0.0	0.0	0.16666666666666666	0.16666666666666666
46|0	0.0	0.0	0.16666666666666666	0.16666666666666666	0.0	0.16666666666666666	0.0	0.0	0.0	0.0	0.0	0.0	0.0	0.0	0.16666666666666666	0.0	0.16666666666666666	0.0	0.16666666666666666	0.0
47|0	0.16666666666666666	0.0	0.0	0.16666666666666666	0.16666666666666666	0.16666666666666666	0.0	0.0	0.0	0.0	0.0	0.0	0.0	0.16666666666666666	0.0	0.0	0.0	0.0	0.16666666666666666	0.0
48|0	0.0	0.0	0.0	0.0	0.14285714285714285	0.0	0.0	0.14285714285714285	0.0	0.0	0.0	0.14285714285714285	0.14285714285714285	0.0	0.0	0.14285714285714285	0.14285714285714285	0.0	0.0	0.14285714285714285
49|0	0.0	0.0	0.0	0.0	0.14285714285714285	0.0	0.0	0.0	0.0	0.0	0.0	0.14285714285714285	0.14285714285714285	0.0	0.0	0.14285714285714285	0.14285714285714285	0.0	0.14285714285714285	0.14285714285714285
50|0	0.14285714285714285	0.0	0.14285714285714285	0.14285714285714285	0.2857142857142857	0.0	0.0	0.0	0.0	0.14285714285714285	0.0	0.0	0.14285714285714285	0.0	0.0	0.0	0.0	0.0	0.0	0.0
51|0	0.14285714285714285	0.0	0.0	0.0	0.14285714285714285	0.0	0.0	0.42857142857142855	0.0	0.14285714285714285	0.0	0.0	0.0	0.0	0.0	0.0	0.14285714285714285	0.0	0.0	0.0
52|0	0.14285714285714285	0.14285714285714285	0.14285714285714285	0.0	0.14285714285714285	0.0	0.0	0.14285714285714285	0.0	0.0	0.0	0.14285714285714285	0.0	0.0	0.0	0.0	0.0	0.0	0.0	0.14285714285714285
53|0	0.0	0.14285714285714285	0.14285714285714285	0.0	0.14285714285714285	0.14285714285714285	0.0	0.0	0.0	0.0	0.14285714285714285	0.14285714285714285	0.0	0.0	0.0	0.0	0.0	0.0	0.0	0.14285714285714285
54|0	0.0	0.14285714285714285	0.0	0.0	0.0	0.0	0.0	0.0	0.14285714285714285	0.2857142857142857	0.0	0.0	0.0	0.0	0.0	0.0	0.14285714285714285	0.2857142857142857	0.0	0.0
55|0	0.0	0.0	0.0	0.0	0.14285714285714285	0.0	0.0	0.14285714285714285	0.14285714285714285	0.0	0.0	0.14285714285714285	0.14285714285714285	0.0	0.0	0.0	0.14285714285714285	0.0	0.0	0.14285714285714285
56|0	0.0	0.14285714285714285	0.0	0.0	0.14285714285714285	0.0	0.0	0.0	0.0	0.0	0.0	0.14285714285714285	0.14285714285714285	0.0	0.0	0.14285714285714285	0.14285714285714285	0.0	0.0	0.14285714285714285
57|0	0.14285714285714285	0.0	0.0	0.14285714285714285	0.14285714285714285	0.14285714285714285	0.0	0.14285714285714285	0.0	0.0	0.0	0.0	0.0	0.14285714285714285	0.0	0.0	0.0	0.0	0.14285714285714285	0.0
58|0	0.0	0.14285714285714285	0.14285714285714285	0.0	0.14285714285714285	0.0	0.0	0.14285714285714285	0.0	0.2857142857142857	0.0	0.14285714285714285	0.0	0.0	0.0	0.0	0.0	0.0	0.0	0.0
59|0	0.0	0.0	0.0	0.0	0.14285714285714285	0.0	0.0	0.0	0.0	0.2857142857142857	0.0	0.0	0.0	0.0	0.0	0.0	0.14285714285714285	0.42857142857142855	0.0	0.0
60|0	0.0	0.0	0.0	0.2857142857142857	0.2857142857142857	0.0	0.0	0.0	0.0	0.0	0.0	0.14285714285714285	0.14285714285714285	0.0	0.0	0.0	0.0	0.14285714285714285	0.0	0.0
61|0	0.0	0.0	0.0	0.0	0.0	0.0	0.0	0.0	0.0	0.0	0.0	0.8571428571428571	0.0	0.0	0.0	0.0	0.0	0.0	0.14285714285714285	0.0
62|0	0.0	0.0	0.14285714285714285	0.14285714285714285	0.14285714285714285	0.0	0.14285714285714285	0.0	0.0	0.14285714285714285	0.0	0.0	0.14285714285714285	0.0	0.0	0.14285714285714285	0.0	0.0	0.0	0.0
63|0	0.0	0.0	0.14285714285714285	0.14285714285714285	0.2857142857142857	0.0	0.0	0.0	0.0	0.0	0.14285714285714285	0.0	0.14285714285714285	0.0	0.0	0.14285714285714285	0.0	0.0	0.0	0.0
64|0	0.14285714285714285	0.14285714285714285	0.0	0.0	0.14285714285714285	0.0	0.0	0.14285714285714285	0.0	0.0	0.14285714285714285	0.0	0.0	0.0	0.0	0.14285714285714285	0.14285714285714285	0.0	0.0	0.0
65|0	0.0	0.0	0.0	0.0	0.0	0.14285714285714285	0.0	0.0	0.0	0.0	0.0	0.0	0.14285714285714285	0.0	0.0	0.2857142857142857	0.0	0.0	0.2857142857142857	0.14285714285714285
66|0	0.0	0.0	0.14285714285714285	0.0	0.0	0.14285714285714285	0.0	0.0	0.0	0.2857142857142857	0.0	0.0	0.0	0.0	0.0	0.14285714285714285	0.0	0.0	0.2857142857142857	0.0
67|0	0.0	0.0	0.14285714285714285	0.0	0.0	0.2857142857142857	0.0	0.42857142857142855	0.0	0.0	0.0	0.0	0.0	0.0	0.0	0.0	0.0	0.14285714285714285	0.0	0.0
68|0	0.125	0.0	0.0	0.0	0.0	0.0	0.0	0.125	0.0	0.375	0.0	0.0	0.0	0.0	0.0	0.125	0.125	0.125	0.0	0.0
69|0	0.125	0.125	0.125	0.0	0.0	0.125	0.125	0.125	0.0	0.125	0.0	0.0	0.0	0.0	0.0	0.125	0.0	0.0	0.0	0.0
70|0	0.25	0.125	0.125	0.0	0.125	0.125	0.0	0.0	0.0	0.0	0.0	0.0	0.0	0.0	0.0	0.125	0.0	0.125	0.0	0.0
71|0	0.25	0.125	0.125	0.0	0.0	0.0	0.0	0.0	0.0	0.0	0.0	0.0	0.0	0.0	0.0	0.25	0.0	0.125	0.0	0.125
72|0	0.125	0.125	0.125	0.0	0.125	0.0	0.0	0.0	0.0	0.0	0.0	0.0	0.0	0.0	0.0	0.25	0.0	0.125	0.0	0.125
73|0	0.0	0.125	0.0	0.0	0.25	0.0	0.0	0.0	0.0	0.0	0.0	0.125	0.125	0.0	0.0	0.125	0.125	0.0	0.0	0.125
74|0	0.0	0.0	0.0	0.0	0.25	0.125	0.0	0.0	0.0	0.25	0.125	0.0	0.0	0.0	0.0	0.125	0.0	0.125	0.0	0.0
75|0	0.0	0.125	0.0	0.0	0.0	0.125	0.0	0.0	0.125	0.25	0.0	0.0	0.0	0.0	0.0	0.0	0.125	0.25	0.0	0.0
76|0	0.125	0.125	0.125	0.0	0.125	0.0	0.0	0.125	0.0	0.0	0.125	0.0	0.0	0.0	0.0	0.125	0.125	0.0	0.0	0.0
77|0	0.125	0.125	0.125	0.0	0.125	0.0	0.0	0.125	0.0	0.0	0.125	0.0	0.0	0.0	0.0	0.0	0.125	0.0	0.0	0.125
78|0	0.125	0.125	0.0	0.0	0.125	0.0	0.0	0.125	0.0	0.0	0.125	0.0	0.0	0.0	0.0	0.125	0.125	0.0	0.0	0.125
79|0	0.125	0.125	0.125	0.0	0.0	0.0	0.0	0.125	0.0	0.0	0.125	0.0	0.0	0.0	0.0	0.125	0.125	0.0	0.0	0.125
80|0	0.125	0.125	0.125	0.0	0.125	0.0	0.0	0.0	0.0	0.0	0.125	0.0	0.0	0.0	0.0	0.125	0.125	0.0	0.0	0.125
81|0	0.0	0.125	0.0	0.0	0.125	0.0	0.0	0.0	0.0	0.125	0.0	0.0	0.0	0.0	0.0	0.375	0.125	0.0	0.0	0.125
82|0	0.125	0.0	0.0	0.0	0.125	0.125	0.0	0.0	0.0	0.375	0.0	0.0	0.0	0.0	0.0	0.125	0.0	0.125	0.0	0.0
83|0	0.0	0.0	0.0	0.0	0.125	0.125	0.0	0.0	0.0	0.25	0.0	0.0	0.0	0.0	0.0	0.0	0.125	0.375	0.0	0.0
84|0	0.0	0.125	0.125	0.0	0.125	0.0	0.0	0.125	0.0	0.0	0.125	0.0	0.0	0.0	0.0	0.125	0.125	0.0	0.0	0.125
85|0	0.0	0.125	0.0	0.0	0.125	0.0	0.0	0.125	0.0	0.0	0.125	0.0	0.0	0.0	0.0	0.125	0.125	0.0	0.0	0.25
86|0	0.0	0.0	0.125	0.0	0.125	0.0	0.0	0.125	0.0	0.0	0.125	0.0	0.0	0.0	0.0	0.25	0.125	0.0	0.0	0.125
87|0	0.125	0.25	0.0	0.0	0.0	0.0	0.0	0.0	0.0	0.0	0.0	0.0	0.0	0.0	0.0	0.25	0.0	0.25	0.125	0.0
88|0	0.125	0.25	0.0	0.0	0.0	0.0	0.0	0.0	0.0	0.0	0.0	0.0	0.0	0.0	0.0	0.25	0.0	0.125	0.125	0.125
89|0	0.25	0.0	0.0	0.0	0.0	0.125	0.0	0.0	0.0	0.25	0.0	0.0	0.0	0.0	0.0	0.0	0.0	0.375	0.0	0.0
90|0	0.125	0.125	0.0	0.0	0.0	0.0	0.0	0.0	0.0	0.125	0.0	0.125	0.125	0.0	0.0	0.125	0.0	0.0	0.0	0.25
91|0	0.0	0.125	0.0	0.0	0.0	0.0	0.0	0.0	0.0	0.125	0.0	0.25	0.125	0.0	0.0	0.125	0.0	0.0	0.0	0.25
92|0	0.0	0.125	0.0	0.0	0.125	0.125	0.0	0.0	0.0	0.0	0.0	0.125	0.125	0.0	0.0	0.0	0.0	0.125	0.0	0.25
93|0	0.0	0.125	0.0	0.0	0.125	0.125	0.0	0.125	0.0	0.125	0.0	0.125	0.125	0.0	0.0	0.0	0.0	0.0	0.0	0.125
94|0	0.0	0.125	0.0	0.0	0.125	0.0	0.0	0.0	0.0	0.0	0.0	0.0	0.0	0.0	0.0	0.25	0.125	0.0	0.0	0.375
95|0	0.0	0.0	0.125	0.0	0.0	0.25	0.0	0.5	0.0	0.0	0.0	0.0	0.0	0.0	0.0	0.0	0.0	0.125	0.0	0.0
96|0	0.0	0.0	0.125	0.0	0.0	0.25	0.0	0.375	0.0	0.125	0.0	0.0	0.0	0.0	0.0	0.0	0.0	0.125	0.0	0.0
97|0	0.0	0.0	0.0	0.125	0.0	0.375	0.0	0.375	0.0	0.0	0.0	0.0	0.0	0.0	0.0	0.0	0.125	0.0	0.0	0.0
98|0	0.125	0.125	0.0	0.0	0.125	0.125	0.0	0.0	0.0	0.25	0.0	0.0	0.125	0.0	0.0	0.0	0.0	0.0	0.0	0.125
99|0	0.0	0.0	0.0	0.0	0.1111111111111111	0.1111111111111111	0.0	0.1111111111111111	0.0	0.0	0.1111111111111111	0.1111111111111111	0.1111111111111111	0.1111111111111111	0.0	0.1111111111111111	0.0	0.0	0.1111111111111111	0.0
100|0	0.2222222222222222	0.1111111111111111	0.0	0.0	0.1111111111111111	0.0	0.0	0.0	0.0	0.1111111111111111	0.0	0.1111111111111111	0.0	0.0	0.0	0.2222222222222222	0.0	0.1111111111111111	0.0	0.0
101|0	0.0	0.0	0.2222222222222222	0.0	0.0	0.1111111111111111	0.0	0.1111111111111111	0.0	0.0	0.0	0.0	0.1111111111111111	0.1111111111111111	0.1111111111111111	0.0	0.1111111111111111	0.0	0.1111111111111111	0.0
102|0	0.0	0.0	0.0	0.0	0.0	0.1111111111111111	0.0	0.0	0.0	0.0	0.0	0.2222222222222222	0.1111111111111111	0.0	0.0	0.1111111111111111	0.1111111111111111	0.1111111111111111	0.1111111111111111	0.1111111111111111
103|0	0.1111111111111111	0.1111111111111111	0.0	0.0	0.2222222222222222	0.3333333333333333	0.0	0.0	0.1111111111111111	0.0	0.0	0.0	0.1111111111111111	0.0	0.0	0.0	0.0	0.0	0.0	0.0
105|0	0.1111111111111111	0.1111111111111111	0.0	0.0	0.1111111111111111	0.2222222222222222	0.0	0.0	0.1111111111111111	0.0	0.0	0.0	0.0	0.0	0.0	0.1111111111111111	0.0	0.1111111111111111	0.0	0.1111111111111111
106|0	0.2222222222222222	0.1111111111111111	0.0	0.0	0.1111111111111111	0.1111111111111111	0.0	0.0	0.0	0.1111111111111111	0.0	0.0	0.0	0.0	0.0	0.2222222222222222	0.0	0.1111111111111111	0.0	0.0
107|0	0.1111111111111111	0.1111111111111111	0.0	0.0	0.1111111111111111	0.1111111111111111	0.0	0.0	0.0	0.1111111111111111	0.0	0.1111111111111111	0.0	0.0	0.0	0.2222222222222222	0.0	0.1111111111111111	0.0	0.0
108|0	0.0	0.1111111111111111	0.0	0.0	0.1111111111111111	0.3333333333333333	0.0	0.0	0.0	0.0	0.0	0.1111111111111111	0.1111111111111111	0.0	0.0	0.0	0.0	0.1111111111111111	0.1111111111111111	0.0
109|0	0.0	0.1111111111111111	0.0	0.0	0.1111111111111111	0.1111111111111111	0.0	0.0	0.0	0.0	0.0	0.1111111111111111	0.0	0.0	0.1111111111111111	0.0	0.2222222222222222	0.0	0.0	0.2222222222222222
110|0	0.0	0.1111111111111111	0.0	0.0	0.1111111111111111	0.1111111111111111	0.0	0.0	0.0	0.0	0.0	0.0	0.0	0.0	0.0	0.2222222222222222	0.1111111111111111	0.0	0.0	0.3333333333333333
111|0	0.0	0.1111111111111111	0.0	0.0	0.0	0.0	0.0	0.0	0.2222222222222222	0.1111111111111111	0.0	0.0	0.0	0.0	0.0	0.0	0.3333333333333333	0.1111111111111111	0.0	0.1111111111111111
112|0	0.1111111111111111	0.1111111111111111	0.0	0.0	0.0	0.0	0.0	0.0	0.1111111111111111	0.1111111111111111	0.0	0.2222222222222222	0.1111111111111111	0.0	0.0	0.0	0.0	0.0	0.0	0.2222222222222222
113|0	0.1111111111111111	0.1111111111111111	0.0	0.0	0.0	0.0	0.0	0.0	0.1111111111111111	0.1111111111111111	0.0	0.1111111111111111	0.1111111111111111	0.0	0.0	0.1111111111111111	0.0	0.0	0.0	0.2222222222222222
114|0	0.0	0.1111111111111111	0.0	0.0	0.1111111111111111	0.1111111111111111	0.0	0.0	0.1111111111111111	0.2222222222222222	0.0	0.1111111111111111	0.1111111111111111	0.0	0.0	0.0	0.0	0.0	0.0	0.1111111111111111
115|0	0.0	0.1111111111111111	0.0	0.0	0.0	0.0	0.0	0.0	0.1111111111111111	0.1111111111111111	0.0	0.2222222222222222	0.1111111111111111	0.0	0.0	0.1111111111111111	0.0	0.0	0.0	0.2222222222222222
116|0	0.0	0.1111111111111111	0.0	0.0	0.2222222222222222	0.1111111111111111	0.0	0.0	0.1111111111111111	0.0	0.0	0.0	0.1111111111111111	0.0	0.0	0.0	0.0	0.0	0.0	0.3333333333333333
117|0	0.0	0.1111111111111111	0.0	0.0	0.0	0.1111111111111111	0.0	0.0	0.1111111111111111	0.2222222222222222	0.0	0.1111111111111111	0.0	0.0	0.0	0.0	0.1111111111111111	0.2222222222222222	0.0	0.0
118|0	0.0	0.0	0.0	0.0	0.2222222222222222	0.1111111111111111	0.0	0.1111111111111111	0.0	0.0	0.0	0.0	0.1111111111111111	0.0	0.1111111111111111	0.1111111111111111	0.2222222222222222	0.0	0.0	0.0
119|0	0.1111111111111111	0.1111111111111111	0.0	0.0	0.1111111111111111	0.1111111111111111	0.0	0.0	0.1111111111111111	0.0	0.0	0.0	0.1111111111111111	0.0	0.0	0.1111111111111111	0.1111111111111111	0.1111111111111111	0.0	0.0
120|0	0.0	0.0	0.0	0.1111111111111111	0.0	0.2222222222222222	0.0	0.3333333333333333	0.0	0.0	0.0	0.0	0.0	0.0	0.0	0.0	0.0	0.3333333333333333	0.0	0.0
121|0	0.0	0.2222222222222222	0.0	0.0	0.0	0.1111111111111111	0.0	0.1111111111111111	0.0	0.1111111111111111	0.1111111111111111	0.0	0.0	0.0	0.0	0.0	0.0	0.2222222222222222	0.1111111111111111	0.0
122|0	0.1111111111111111	0.1111111111111111	0.0	0.0	0.1111111111111111	0.1111111111111111	0.0	0.1111111111111111	0.0	0.2222222222222222	0.0	0.0	0.1111111111111111	0.0	0.0	0.0	0.0	0.0	0.0	0.1111111111111111
123|0	0.0	0.0	0.0	0.0	0.1	0.1	0.0	0.1	0.0	0.0	0.1	0.2	0.1	0.1	0.0	0.1	0.0	0.0	0.1	0.0
124|0	0.1	0.0	0.2	0.0	0.0	0.1	0.0	0.1	0.0	0.0	0.0	0.0	0.1	0.1	0.1	0.0	0.1	0.0	0.1	0.0
125|0	0.0	0.2	0.0	0.0	0.2	0.0	0.0	0.0	0.2	0.1	0.0	0.1	0.0	0.0	0.0	0.1	0.0	0.1	0.0	0.0
126|0	0.1	0.1	0.0	0.0	0.0	0.1	0.0	0.2	0.0	0.1	0.0	0.0	0.2	0.0	0.0	0.1	0.0	0.0	0.1	0.0
128|0	0.1	0.1	0.0	0.0	0.2	0.3	0.0	0.0	0.0	0.0	0.0	0.0	0.1	0.0	0.1	0.0	0.0	0.1	0.0	0.0
129|0	0.2	0.1	0.0	0.0	0.1	0.1	0.0	0.1	0.0	0.2	0.0	0.0	0.1	0.0	0.0	0.0	0.0	0.0	0.0	0.1
130|0	0.0	0.09090909090909091	0.0	0.0	0.09090909090909091	0.09090909090909091	0.0	0.09090909090909091	0.0	0.0	0.09090909090909091	0.18181818181818182	0.09090909090909091	0.18181818181818182	0.0	0.0	0.0	0.0	0.09090909090909091	0.0
131|0	0.0	0.0	0.0	0.0	0.09090909090909091	0.09090909090909091	0.09090909090909091	0.09090909090909091	0.0	0.0	0.09090909090909091	0.18181818181818182	0.09090909090909091	0.18181818181818182	0.0	0.0	0.0	0.0	0.09090909090909091	0.0
132|0	0.0	0.0	0.0	0.0	0.09090909090909091	0.09090909090909091	0.0	0.09090909090909091	0.0	0.0	0.09090909090909091	0.18181818181818182	0.09090909090909091	0.18181818181818182	0.0	0.09090909090909091	0.0	0.0	0.09090909090909091	0.0
133|0	0.09090909090909091	0.0	0.0	0.0	0.09090909090909091	0.09090909090909091	0.0	0.09090909090909091	0.0	0.0	0.09090909090909091	0.09090909090909091	0.09090909090909091	0.18181818181818182	0.0	0.09090909090909091	0.0	0.0	0.09090909090909091	0.0
134|0	0.09090909090909091	0.0	0.0	0.0	0.09090909090909091	0.09090909090909091	0.0	0.09090909090909091	0.0	0.0	0.09090909090909091	0.18181818181818182	0.09090909090909091	0.09090909090909091	0.0	0.09090909090909091	0.0	0.0	0.09090909090909091	0.0
135|0	0.18181818181818182	0.0	0.0	0.0	0.09090909090909091	0.09090909090909091	0.0	0.09090909090909091	0.0	0.0	0.09090909090909091	0.09090909090909091	0.09090909090909091	0.09090909090909091	0.0	0.09090909090909091	0.0	0.0	0.09090909090909091	0.0
136|0	0.0	0.0	0.09090909090909091	0.0	0.09090909090909091	0.09090909090909091	0.0	0.09090909090909091	0.0	0.0	0.09090909090909091	0.18181818181818182	0.09090909090909091	0.18181818181818182	0.0	0.0	0.0	0.0	0.09090909090909091	0.0
137|0	0.0	0.0	0.0	0.0	0.18181818181818182	0.09090909090909091	0.0	0.09090909090909091	0.0	0.0	0.09090909090909091	0.18181818181818182	0.09090909090909091	0.18181818181818182	0.0	0.09090909090909091	0.0	0.0	0.0	0.0
138|0	0.18181818181818182	0.09090909090909091	0.0	0.0	0.09090909090909091	0.09090909090909091	0.0	0.18181818181818182	0.0	0.18181818181818182	0.0	0.0	0.09090909090909091	0.0	0.0	0.0	0.0	0.0	0.0	0.09090909090909091
139|0	0.08333333333333333	0.0	0.0	0.0	0.16666666666666666	0.0	0.16666666666666666	0.0	0.0	0.0	0.0	0.0	0.08333333333333333	0.08333333333333333	0.0	0.16666666666666666	0.08333333333333333	0.0	0.16666666666666666	0.0
140|0	0.08333333333333333	0.0	0.0	0.0	0.08333333333333333	0.0	0.08333333333333333	0.0	0.0	0.0	0.0	0.0	0.25	0.08333333333333333	0.08333333333333333	0.0	0.0	0.0	0.25	0.08333333333333333
141|0	0.21428571428571427	0.0	0.0	0.07142857142857142	0.07142857142857142	0.2857142857142857	0.0	0.07142857142857142	0.0	0.14285714285714285	0.0	0.0	0.07142857142857142	0.0	0.0	0.0	0.0	0.07142857142857142	0.0	0.0
142|0	0.0	0.0	0.07142857142857142	0.0	0.14285714285714285	0.0	0.0	0.14285714285714285	0.35714285714285715	0.14285714285714285	0.0	0.07142857142857142	0.0	0.0	0.07142857142857142	0.0	0.0	0.0	0.0	0.0
143|0	0.0	0.0	0.06666666666666667	0.0	0.06666666666666667	0.2	0.0	0.06666666666666667	0.0	0.06666666666666667	0.0	0.06666666666666667	0.13333333333333333	0.0	0.13333333333333333	0.0	0.0	0.06666666666666667	0.13333333333333333	0.0
144|0	0.0	0.13333333333333333	0.0	0.06666666666666667	0.13333333333333333	0.0	0.0	0.0	0.13333333333333333	0.13333333333333333	0.0	0.13333333333333333	0.0	0.0	0.0	0.13333333333333333	0.0	0.13333333333333333	0.0	0.0
145|0	0.0	0.0	0.0	0.0625	0.1875	0.0	0.0625	0.0625	0.0625	0.0625	0.0625	0.1875	0.0	0.0	0.1875	0.0625	0.0	0.0	0.0	0.0
146|0	0.0	0.0	0.125	0.0	0.1875	0.125	0.0	0.0625	0.125	0.0625	0.0625	0.0	0.0	0.0	0.125	0.125	0.0	0.0	0.0	0.0
147|0	0.0	0.0	0.0	0.0625	0.25	0.0	0.0625	0.125	0.0625	0.0	0.0	0.125	0.0	0.0625	0.1875	0.0	0.0625	0.0	0.0	0.0
148|0	0.0625	0.0	0.0625	0.0625	0.125	0.0625	0.0	0.0	0.0625	0.125	0.0625	0.0625	0.0625	0.0	0.25	0.0	0.0	0.0	0.0	0.0
149|0	0.0	0.0	0.058823529411764705	0.0	0.17647058823529413	0.0	0.058823529411764705	0.0	0.17647058823529413	0.11764705882352941	0.0	0.058823529411764705	0.058823529411764705	0.0	0.11764705882352941	0.058823529411764705	0.058823529411764705	0.0	0.0	0.058823529411764705
150|0	0.0	0.0	0.11764705882352941	0.0	0.058823529411764705	0.23529411764705882	0.0	0.17647058823529413	0.11764705882352941	0.058823529411764705	0.0	0.0	0.058823529411764705	0.0	0.17647058823529413	0.0	0.0	0.0	0.0	0.0
151|0	0.0	0.0	0.058823529411764705	0.058823529411764705	0.058823529411764705	0.0	0.0	0.17647058823529413	0.058823529411764705	0.058823529411764705	0.0	0.058823529411764705	0.058823529411764705	0.0	0.23529411764705882	0.058823529411764705	0.058823529411764705	0.0	0.058823529411764705	0.0
152|0	0.0	0.0	0.058823529411764705	0.058823529411764705	0.11764705882352941	0.0	0.0	0.17647058823529413	0.11764705882352941	0.17647058823529413	0.058823529411764705	0.0	0.0	0.0	0.17647058823529413	0.058823529411764705	0.0	0.0	0.0	0.0
153|0	0.0	0.0	0.058823529411764705	0.058823529411764705	0.11764705882352941	0.0	0.0	0.11764705882352941	0.17647058823529413	0.11764705882352941	0.058823529411764705	0.0	0.11764705882352941	0.0	0.17647058823529413	0.0	0.0	0.0	0.0	0.0
154|0	0.0	0.0	0.058823529411764705	0.058823529411764705	0.17647058823529413	0.0	0.0	0.058823529411764705	0.17647058823529413	0.11764705882352941	0.058823529411764705	0.0	0.0	0.058823529411764705	0.17647058823529413	0.058823529411764705	0.0	0.0	0.0	0.0
155|0	0.0	0.0	0.058823529411764705	0.058823529411764705	0.11764705882352941	0.0	0.0	0.058823529411764705	0.17647058823529413	0.29411764705882354	0.0	0.0	0.058823529411764705	0.0	0.11764705882352941	0.058823529411764705	0.0	0.0	0.0	0.0
156|0	0.0	0.0	0.058823529411764705	0.058823529411764705	0.17647058823529413	0.0	0.0	0.11764705882352941	0.17647058823529413	0.058823529411764705	0.0	0.0	0.11764705882352941	0.0	0.17647058823529413	0.058823529411764705	0.0	0.0	0.0	0.0
157|0	0.0	0.0	0.11764705882352941	0.058823529411764705	0.11764705882352941	0.0	0.0	0.11764705882352941	0.11764705882352941	0.17647058823529413	0.0	0.0	0.0	0.058823529411764705	0.11764705882352941	0.11764705882352941	0.0	0.0	0.0	0.0
158|0	0.0	0.0	0.0	0.0	0.23529411764705882	0.058823529411764705	0.0	0.0	0.0	0.11764705882352941	0.0	0.058823529411764705	0.0	0.058823529411764705	0.11764705882352941	0.23529411764705882	0.11764705882352941	0.0	0.0	0.0
159|0	0.058823529411764705	0.0	0.0	0.0	0.23529411764705882	0.058823529411764705	0.0	0.0	0.058823529411764705	0.11764705882352941	0.0	0.058823529411764705	0.0	0.058823529411764705	0.11764705882352941	0.11764705882352941	0.11764705882352941	0.0	0.0	0.0
160|0	0.05555555555555555	0.1111111111111111	0.0	0.0	0.16666666666666666	0.05555555555555555	0.0	0.05555555555555555	0.2222222222222222	0.0	0.0	0.0	0.0	0.0	0.0	0.2222222222222222	0.05555555555555555	0.05555555555555555	0.0	0.0
161|0	0.05555555555555555	0.0	0.05555555555555555	0.05555555555555555	0.0	0.05555555555555555	0.05555555555555555	0.1111111111111111	0.0	0.16666666666666666	0.0	0.1111111111111111	0.0	0.0	0.05555555555555555	0.0	0.05555555555555555	0.0	0.05555555555555555	0.16666666666666666
162|0	0.05555555555555555	0.0	0.0	0.0	0.2222222222222222	0.05555555555555555	0.0	0.0	0.05555555555555555	0.16666666666666666	0.0	0.05555555555555555	0.0	0.05555555555555555	0.1111111111111111	0.1111111111111111	0.1111111111111111	0.0	0.0	0.0
163|0	0.05555555555555555	0.0	0.0	0.0	0.2222222222222222	0.05555555555555555	0.0	0.0	0.0	0.1111111111111111	0.0	0.05555555555555555	0.0	0.05555555555555555	0.1111111111111111	0.2222222222222222	0.1111111111111111	0.0	0.0	0.0
164|0	0.05555555555555555	0.0	0.0	0.0	0.2222222222222222	0.05555555555555555	0.0	0.0	0.0	0.1111111111111111	0.0	0.05555555555555555	0.0	0.05555555555555555	0.1111111111111111	0.16666666666666666	0.16666666666666666	0.0	0.0	0.0
165|0	0.05555555555555555	0.0	0.0	0.0	0.2777777777777778	0.05555555555555555	0.0	0.0	0.0	0.16666666666666666	0.0	0.05555555555555555	0.0	0.05555555555555555	0.05555555555555555	0.16666666666666666	0.1111111111111111	0.0	0.0	0.0
166|0	0.0	0.0	0.10526315789473684	0.0	0.05263157894736842	0.0	0.05263157894736842	0.21052631578947367	0.10526315789473684	0.05263157894736842	0.0	0.10526315789473684	0.0	0.0	0.21052631578947367	0.05263157894736842	0.0	0.0	0.05263157894736842	0.0
167|0	0.05263157894736842	0.10526315789473684	0.0	0.05263157894736842	0.10526315789473684	0.05263157894736842	0.0	0.0	0.15789473684210525	0.10526315789473684	0.0	0.10526315789473684	0.05263157894736842	0.0	0.0	0.10526315789473684	0.0	0.10526315789473684	0.0	0.0
168|0	0.05263157894736842	0.0	0.0	0.0	0.21052631578947367	0.05263157894736842	0.0	0.0	0.0	0.15789473684210525	0.0	0.05263157894736842	0.0	0.05263157894736842	0.10526315789473684	0.21052631578947367	0.10526315789473684	0.0	0.0	0.0
169|0	0.05263157894736842	0.0	0.0	0.0	0.21052631578947367	0.05263157894736842	0.0	0.0	0.05263157894736842	0.15789473684210525	0.0	0.05263157894736842	0.0	0.05263157894736842	0.10526315789473684	0.15789473684210525	0.10526315789473684	0.0	0.0	0.0
170|0	0.05	0.0	0.0	0.0	0.2	0.1	0.0	0.0	0.05	0.15	0.0	0.05	0.0	0.05	0.1	0.15	0.1	0.0	0.0	0.0
171|0	0.05	0.0	0.0	0.0	0.2	0.1	0.0	0.0	0.05	0.1	0.0	0.05	0.0	0.05	0.1	0.2	0.1	0.0	0.0	0.0
172|0	0.05	0.0	0.0	0.0	0.2	0.1	0.0	0.0	0.0	0.15	0.0	0.05	0.0	0.05	0.1	0.2	0.1	0.0	0.0	0.0
173|0	0.05	0.0	0.0	0.0	0.2	0.05	0.0	0.0	0.05	0.15	0.0	0.05	0.0	0.05	0.1	0.2	0.1	0.0	0.0	0.0
174|0	0.047619047619047616	0.0	0.0	0.0	0.14285714285714285	0.09523809523809523	0.0	0.0	0.047619047619047616	0.14285714285714285	0.0	0.047619047619047616	0.0	0.09523809523809523	0.09523809523809523	0.19047619047619047	0.09523809523809523	0.0	0.0	0.0
175|0	0.09523809523809523	0.19047619047619047	0.047619047619047616	0.0	0.09523809523809523	0.19047619047619047	0.0	0.047619047619047616	0.0	0.047619047619047616	0.0	0.047619047619047616	0.0	0.0	0.0	0.047619047619047616	0.0	0.09523809523809523	0.047619047619047616	0.047619047619047616
176|0	0.047619047619047616	0.0	0.0	0.0	0.19047619047619047	0.09523809523809523	0.0	0.0	0.047619047619047616	0.19047619047619047	0.0	0.047619047619047616	0.0	0.047619047619047616	0.047619047619047616	0.19047619047619047	0.09523809523809523	0.0	0.0	0.0
177|0	0.047619047619047616	0.0	0.0	0.0	0.19047619047619047	0.09523809523809523	0.0	0.0	0.047619047619047616	0.19047619047619047	0.0	0.0	0.0	0.047619047619047616	0.09523809523809523	0.19047619047619047	0.09523809523809523	0.0	0.0	0.0
178|0	0.09523809523809523	0.0	0.0	0.0	0.19047619047619047	0.09523809523809523	0.0	0.0	0.047619047619047616	0.14285714285714285	0.0	0.047619047619047616	0.0	0.047619047619047616	0.047619047619047616	0.19047619047619047	0.09523809523809523	0.0	0.0	0.0
179|0	0.09523809523809523	0.0	0.0	0.0	0.19047619047619047	0.09523809523809523	0.0	0.0	0.0	0.14285714285714285	0.0	0.047619047619047616	0.0	0.047619047619047616	0.09523809523809523	0.19047619047619047	0.09523809523809523	0.0	0.0	0.0
180|0	0.047619047619047616	0.0	0.0	0.0	0.19047619047619047	0.09523809523809523	0.0	0.0	0.047619047619047616	0.14285714285714285	0.0	0.047619047619047616	0.0	0.047619047619047616	0.09523809523809523	0.19047619047619047	0.09523809523809523	0.0	0.0	0.0
181|0	0.047619047619047616	0.0	0.0	0.0	0.19047619047619047	0.09523809523809523	0.0	0.0	0.0	0.14285714285714285	0.0	0.047619047619047616	0.0	0.047619047619047616	0.09523809523809523	0.19047619047619047	0.09523809523809523	0.047619047619047616	0.0	0.0
182|0	0.047619047619047616	0.0	0.0	0.0	0.14285714285714285	0.09523809523809523	0.0	0.0	0.047619047619047616	0.14285714285714285	0.0	0.047619047619047616	0.0	0.09523809523809523	0.09523809523809523	0.19047619047619047	0.09523809523809523	0.0	0.0	0.0
183|0	0.047619047619047616	0.0	0.0	0.0	0.14285714285714285	0.09523809523809523	0.0	0.0	0.047619047619047616	0.14285714285714285	0.0	0.047619047619047616	0.0	0.09523809523809523	0.09523809523809523	0.19047619047619047	0.09523809523809523	0.0	0.0	0.0
184|0	0.045454545454545456	0.0	0.045454545454545456	0.0	0.045454545454545456	0.09090909090909091	0.0	0.18181818181818182	0.13636363636363635	0.18181818181818182	0.09090909090909091	0.045454545454545456	0.0	0.0	0.0	0.0	0.045454545454545456	0.09090909090909091	0.0	0.0
185|0	0.0	0.13043478260869565	0.0	0.0	0.043478260869565216	0.08695652173913043	0.0	0.0	0.08695652173913043	0.08695652173913043	0.0	0.0	0.043478260869565216	0.0	0.043478260869565216	0.08695652173913043	0.17391304347826086	0.13043478260869565	0.043478260869565216	0.043478260869565216
186|0	0.043478260869565216	0.0	0.0	0.0	0.13043478260869565	0.043478260869565216	0.0	0.043478260869565216	0.08695652173913043	0.0	0.0	0.043478260869565216	0.043478260869565216	0.08695652173913043	0.13043478260869565	0.17391304347826086	0.0	0.08695652173913043	0.043478260869565216	0.043478260869565216
187|0	0.0	0.08695652173913043	0.043478260869565216	0.0	0.043478260869565216	0.13043478260869565	0.043478260869565216	0.08695652173913043	0.08695652173913043	0.0	0.0	0.13043478260869565	0.043478260869565216	0.0	0.08695652173913043	0.043478260869565216	0.08695652173913043	0.0	0.043478260869565216	0.043478260869565216
188|0	0.043478260869565216	0.0	0.043478260869565216	0.0	0.043478260869565216	0.08695652173913043	0.0	0.30434782608695654	0.13043478260869565	0.13043478260869565	0.08695652173913043	0.0	0.043478260869565216	0.0	0.0	0.043478260869565216	0.0	0.043478260869565216	0.0	0.0
189|0	0.08333333333333333	0.08333333333333333	0.0	0.0	0.125	0.08333333333333333	0.0	0.041666666666666664	0.20833333333333334	0.0	0.0	0.0	0.08333333333333333	0.041666666666666664	0.0	0.16666666666666666	0.041666666666666664	0.041666666666666664	0.0	0.0
190|0	0.041666666666666664	0.08333333333333333	0.0	0.0	0.125	0.041666666666666664	0.0	0.125	0.16666666666666666	0.0	0.0	0.041666666666666664	0.0	0.041666666666666664	0.0	0.25	0.041666666666666664	0.041666666666666664	0.0	0.0
191|0	0.0	0.08333333333333333	0.0	0.0	0.125	0.041666666666666664	0.0	0.08333333333333333	0.20833333333333334	0.0	0.0	0.041666666666666664	0.0	0.041666666666666664	0.0	0.2916666666666667	0.041666666666666664	0.041666666666666664	0.0	0.0
192|0	0.08	0.08	0.0	0.04	0.08	0.08	0.0	0.0	0.16	0.08	0.0	0.08	0.08	0.04	0.0	0.08	0.04	0.08	0.0	0.0
193|0	0.04	0.08	0.0	0.04	0.08	0.04	0.0	0.08	0.12	0.08	0.0	0.12	0.0	0.04	0.0	0.16	0.04	0.08	0.0	0.0
194|0	0.28	0.0	0.0	0.04	0.04	0.08	0.0	0.04	0.12	0.16	0.0	0.04	0.04	0.08	0.0	0.0	0.0	0.04	0.04	0.0
195|0	0.11538461538461539	0.0	0.0	0.0	0.038461538461538464	0.07692307692307693	0.0	0.038461538461538464	0.23076923076923078	0.07692307692307693	0.038461538461538464	0.0	0.0	0.07692307692307693	0.0	0.11538461538461539	0.038461538461538464	0.038461538461538464	0.07692307692307693	0.038461538461538464
196|0	0.07407407407407407	0.0	0.1111111111111111	0.0	0.1111111111111111	0.14814814814814814	0.037037037037037035	0.1111111111111111	0.07407407407407407	0.037037037037037035	0.0	0.037037037037037035	0.07407407407407407	0.037037037037037035	0.0	0.037037037037037035	0.037037037037037035	0.07407407407407407	0.0	0.0
197|0	0.0	0.0	0.037037037037037035	0.037037037037037035	0.0	0.07407407407407407	0.1111111111111111	0.14814814814814814	0.07407407407407407	0.18518518518518517	0.0	0.1111111111111111	0.037037037037037035	0.037037037037037035	0.0	0.037037037037037035	0.037037037037037035	0.0	0.037037037037037035	0.037037037037037035
198|0	0.0	0.07142857142857142	0.0	0.03571428571428571	0.10714285714285714	0.07142857142857142	0.0	0.10714285714285714	0.0	0.14285714285714285	0.0	0.0	0.0	0.07142857142857142	0.07142857142857142	0.10714285714285714	0.10714285714285714	0.0	0.03571428571428571	0.07142857142857142
199|0	0.0	0.0	0.06666666666666667	0.0	0.06666666666666667	0.16666666666666666	0.0	0.06666666666666667	0.06666666666666667	0.06666666666666667	0.03333333333333333	0.06666666666666667	0.06666666666666667	0.06666666666666667	0.03333333333333333	0.03333333333333333	0.06666666666666667	0.03333333333333333	0.03333333333333333	0.06666666666666667
200|0	0.3	0.0	0.0	0.0	0.03333333333333333	0.1	0.0	0.03333333333333333	0.16666666666666666	0.1	0.0	0.03333333333333333	0.03333333333333333	0.06666666666666667	0.06666666666666667	0.0	0.0	0.06666666666666667	0.0	0.0
13|1	0.1111111111111111	0.0	0.0	0.1111111111111111	0.2222222222222222	0.0	0.0	0.0	0.0	0.1111111111111111	0.0	0.0	0.2222222222222222	0.1111111111111111	0.0	0.0	0.0	0.1111111111111111	0.0	0.0
59|1	0.13333333333333333	0.06666666666666667	0.06666666666666667	0.06666666666666667	0.0	0.0	0.0	0.0	0.0	0.2	0.0	0.0	0.0	0.0	0.0	0.13333333333333333	0.06666666666666667	0.13333333333333333	0.13333333333333333	0.0
93|1	0.034482758620689655	0.27586206896551724	0.0	0.0	0.0	0.13793103448275862	0.0	0.034482758620689655	0.06896551724137931	0.034482758620689655	0.0	0.034482758620689655	0.034482758620689655	0.034482758620689655	0.034482758620689655	0.10344827586206896	0.034482758620689655	0.034482758620689655	0.034482758620689655	0.06896551724137931
146|1	0.09302325581395349	0.023255813953488372	0.11627906976744186	0.09302325581395349	0.0	0.023255813953488372	0.023255813953488372	0.06976744186046512	0.11627906976744186	0.18604651162790697	0.0	0.06976744186046512	0.046511627906976744	0.0	0.046511627906976744	0.0	0.0	0.046511627906976744	0.0	0.046511627906976744
149|1	0.06818181818181818	0.22727272727272727	0.06818181818181818	0.022727272727272728	0.045454545454545456	0.13636363636363635	0.06818181818181818	0.0	0.0	0.0	0.0	0.0	0.045454545454545456	0.11363636363636363	0.045454545454545456	0.045454545454545456	0.022727272727272728	0.06818181818181818	0.0	0.022727272727272728
155|1	0.125	0.041666666666666664	0.020833333333333332	0.041666666666666664	0.041666666666666664	0.125	0.041666666666666664	0.020833333333333332	0.0625	0.125	0.041666666666666664	0.041666666666666664	0.08333333333333333	0.041666666666666664	0.0	0.08333333333333333	0.0625	0.0	0.0	0.0
1|1	0.0	0.0	0.0	0.14285714285714285	0.0	0.14285714285714285	0.0	0.14285714285714285	0.0	0.0	0.0	0.0	0.14285714285714285	0.14285714285714285	0.14285714285714285	0.14285714285714285	0.0	0.0	0.0	0.0
2|1	0.0	0.0	0.0	0.125	0.125	0.0	0.0	0.0	0.0	0.125	0.0	0.0	0.125	0.125	0.125	0.125	0.0	0.0	0.125	0.0
3|1	0.125	0.125	0.0	0.125	0.0	0.0	0.0	0.0	0.0	0.0	0.125	0.0	0.0	0.0	0.0	0.125	0.125	0.0	0.0	0.25
4|1	0.0	0.0	0.0	0.0	0.0	0.0	0.0	0.1111111111111111	0.0	0.1111111111111111	0.0	0.1111111111111111	0.3333333333333333	0.1111111111111111	0.0	0.0	0.2222222222222222	0.0	0.0	0.0
5|1	0.0	0.0	0.0	0.1111111111111111	0.1111111111111111	0.0	0.1111111111111111	0.2222222222222222	0.1111111111111111	0.1111111111111111	0.0	0.0	0.1111111111111111	0.0	0.0	0.1111111111111111	0.0	0.0	0.0	0.0
6|1	0.2222222222222222	0.0	0.0	0.0	0.0	0.2222222222222222	0.0	0.0	0.0	0.0	0.1111111111111111	0.0	0.0	0.1111111111111111	0.1111111111111111	0.1111111111111111	0.0	0.1111111111111111	0.0	0.0
7|1	0.0	0.3333333333333333	0.0	0.0	0.1111111111111111	0.1111111111111111	0.0	0.0	0.0	0.0	0.0	0.0	0.0	0.0	0.2222222222222222	0.0	0.1111111111111111	0.1111111111111111	0.0	0.0
8|1	0.0	0.3333333333333333	0.0	0.0	0.0	0.1111111111111111	0.0	0.0	0.0	0.0	0.0	0.0	0.0	0.0	0.3333333333333333	0.0	0.0	0.2222222222222222	0.0	0.0
9|1	0.0	0.2222222222222222	0.0	0.0	0.3333333333333333	0.0	0.0	0.0	0.2222222222222222	0.0	0.0	0.0	0.0	0.0	0.0	0.1111111111111111	0.0	0.1111111111111111	0.0	0.0
10|1	0.0	0.2222222222222222	0.0	0.0	0.2222222222222222	0.0	0.0	0.0	0.2222222222222222	0.1111111111111111	0.0	0.0	0.0	0.0	0.0	0.1111111111111111	0.0	0.1111111111111111	0.0	0.0
11|1	0.0	0.0	0.0	0.0	0.0	0.0	0.0	0.0	0.1	0.6	0.0	0.1	0.1	0.0	0.0	0.1	0.0	0.0	0.0	0.0
12|1	0.3	0.0	0.1	0.1	0.0	0.2	0.0	0.0	0.0	0.0	0.0	0.1	0.0	0.0	0.2	0.0	0.0	0.0	0.0	0.0
14|1	0.1	0.2	0.2	0.0	0.1	0.2	0.0	0.0	0.0	0.2	0.0	0.0	0.0	0.0	0.0	0.0	0.0	0.0	0.0	0.0
15|1	0.1	0.1	0.1	0.1	0.0	0.0	0.0	0.0	0.1	0.1	0.0	0.1	0.0	0.0	0.0	0.0	0.2	0.0	0.0	0.1
16|1	0.18181818181818182	0.0	0.0	0.0	0.0	0.18181818181818182	0.09090909090909091	0.0	0.18181818181818182	0.09090909090909091	0.0	0.0	0.0	0.0	0.09090909090909091	0.09090909090909091	0.0	0.09090909090909091	0.0	0.0
17|1	0.0	0.0	0.0	0.0	0.0	0.0	0.0	0.18181818181818182	0.09090909090909091	0.36363636363636365	0.0	0.0	0.0	0.0	0.09090909090909091	0.18181818181818182	0.09090909090909091	0.0	0.0	0.0
18|1	0.2727272727272727	0.0	0.09090909090909091	0.0	0.09090909090909091	0.09090909090909091	0.0	0.0	0.0	0.0	0.0	0.09090909090909091	0.09090909090909091	0.0	0.0	0.0	0.0	0.18181818181818182	0.0	0.09090909090909091
19|1	0.0	0.0	0.0	0.09090909090909091	0.18181818181818182	0.09090909090909091	0.0	0.0	0.0	0.0	0.09090909090909091	0.0	0.0	0.0	0.0	0.18181818181818182	0.09090909090909091	0.18181818181818182	0.0	0.09090909090909091
20|1	0.09090909090909091	0.0	0.0	0.0	0.0	0.09090909090909091	0.0	0.18181818181818182	0.09090909090909091	0.0	0.0	0.09090909090909091	0.0	0.09090909090909091	0.0	0.2727272727272727	0.09090909090909091	0.0	0.0	0.0
21|1	0.18181818181818182	0.0	0.0	0.0	0.0	0.18181818181818182	0.0	0.0	0.18181818181818182	0.0	0.0	0.0	0.18181818181818182	0.09090909090909091	0.0	0.09090909090909091	0.09090909090909091	0.0	0.0	0.0
22|1	0.0	0.08333333333333333	0.0	0.0	0.08333333333333333	0.0	0.0	0.0	0.16666666666666666	0.25	0.0	0.0	0.16666666666666666	0.0	0.0	0.16666666666666666	0.0	0.08333333333333333	0.0	0.0
23|1	0.0	0.0	0.0	0.0	0.0	0.16666666666666666	0.0	0.16666666666666666	0.08333333333333333	0.4166666666666667	0.0	0.0	0.0	0.0	0.0	0.08333333333333333	0.08333333333333333	0.0	0.0	0.0
24|1	0.0	0.0	0.0	0.0	0.08333333333333333	0.0	0.0	0.0	0.0	0.08333333333333333	0.0	0.08333333333333333	0.25	0.16666666666666666	0.0	0.0	0.16666666666666666	0.16666666666666666	0.0	0.0
25|1	0.07692307692307693	0.0	0.0	0.0	0.07692307692307693	0.15384615384615385	0.0	0.15384615384615385	0.07692307692307693	0.38461538461538464	0.0	0.0	0.07692307692307693	0.0	0.0	0.0	0.0	0.0	0.0	0.0
26|1	0.0	0.0	0.0	0.0	0.07692307692307693	0.07692307692307693	0.0	0.15384615384615385	0.0	0.38461538461538464	0.0	0.0	0.23076923076923078	0.0	0.07692307692307693	0.0	0.0	0.0	0.0	0.0
27|1	0.15384615384615385	0.0	0.0	0.0	0.0	0.07692307692307693	0.0	0.15384615384615385	0.23076923076923078	0.15384615384615385	0.07692307692307693	0.07692307692307693	0.0	0.0	0.0	0.0	0.0	0.0	0.07692307692307693	0.0
28|1	0.0	0.0	0.0	0.0	0.07692307692307693	0.15384615384615385	0.0	0.15384615384615385	0.0	0.3076923076923077	0.0	0.0	0.07692307692307693	0.0	0.07692307692307693	0.07692307692307693	0.0	0.07692307692307693	0.0	0.0
29|1	0.0	0.0	0.0	0.0	0.0	0.15384615384615385	0.0	0.07692307692307693	0.0	0.5384615384615384	0.0	0.15384615384615385	0.07692307692307693	0.0	0.0	0.0	0.0	0.0	0.0	0.0
30|1	0.0	0.0	0.0	0.0	0.0	0.07692307692307693	0.0	0.15384615384615385	0.0	0.38461538461538464	0.0	0.15384615384615385	0.07692307692307693	0.0	0.0	0.07692307692307693	0.0	0.07692307692307693	0.0	0.0
31|1	0.0	0.0	0.0	0.0	0.07692307692307693	0.15384615384615385	0.0	0.15384615384615385	0.07692307692307693	0.3076923076923077	0.0	0.0	0.07692307692307693	0.0	0.0	0.07692307692307693	0.0	0.07692307692307693	0.0	0.0
32|1	0.0	0.0	0.0	0.0	0.23076923076923078	0.07692307692307693	0.0	0.07692307692307693	0.07692307692307693	0.15384615384615385	0.0	0.0	0.0	0.07692307692307693	0.07692307692307693	0.07692307692307693	0.0	0.07692307692307693	0.07692307692307693	0.0
33|1	0.0	0.0	0.07692307692307693	0.0	0.15384615384615385	0.15384615384615385	0.0	0.23076923076923078	0.07692307692307693	0.15384615384615385	0.0	0.07692307692307693	0.0	0.0	0.0	0.07692307692307693	0.0	0.0	0.0	0.0
34|1	0.0	0.0	0.07692307692307693	0.0	0.07692307692307693	0.07692307692307693	0.0	0.23076923076923078	0.07692307692307693	0.15384615384615385	0.0	0.07692307692307693	0.0	0.0	0.0	0.07692307692307693	0.07692307692307693	0.07692307692307693	0.0	0.0
35|1	0.07692307692307693	0.0	0.0	0.0	0.15384615384615385	0.07692307692307693	0.07692307692307693	0.07692307692307693	0.0	0.38461538461538464	0.0	0.0	0.07692307692307693	0.0	0.0	0.07692307692307693	0.0	0.0	0.0	0.0
36|1	0.21428571428571427	0.0	0.0	0.0	0.0	0.07142857142857142	0.0	0.14285714285714285	0.21428571428571427	0.14285714285714285	0.07142857142857142	0.07142857142857142	0.0	0.0	0.0	0.0	0.0	0.0	0.07142857142857142	0.0
37|1	0.14285714285714285	0.0	0.14285714285714285	0.0	0.0	0.0	0.0	0.14285714285714285	0.21428571428571427	0.21428571428571427	0.0	0.0	0.0	0.07142857142857142	0.0	0.0	0.0	0.0	0.07142857142857142	0.0
38|1	0.2857142857142857	0.0	0.0	0.0	0.0	0.0	0.0	0.14285714285714285	0.21428571428571427	0.21428571428571427	0.07142857142857142	0.07142857142857142	0.0	0.0	0.0	0.0	0.0	0.0	0.0	0.0
39|1	0.0	0.42857142857142855	0.0	0.0	0.07142857142857142	0.07142857142857142	0.0	0.0	0.0	0.0	0.0	0.07142857142857142	0.07142857142857142	0.0	0.0	0.21428571428571427	0.0	0.07142857142857142	0.0	0.0
40|1	0.0	0.14285714285714285	0.0	0.0	0.21428571428571427	0.0	0.0	0.07142857142857142	0.21428571428571427	0.0	0.0	0.0	0.0	0.0	0.0	0.2857142857142857	0.0	0.07142857142857142	0.0	0.0
41|1	0.2	0.06666666666666667	0.06666666666666667	0.0	0.06666666666666667	0.06666666666666667	0.0	0.0	0.06666666666666667	0.06666666666666667	0.0	0.13333333333333333	0.06666666666666667	0.06666666666666667	0.0	0.0	0.0	0.06666666666666667	0.0	0.06666666666666667
42|1	0.0	0.06666666666666667	0.2	0.06666666666666667	0.0	0.06666666666666667	0.06666666666666667	0.26666666666666666	0.06666666666666667	0.0	0.0	0.06666666666666667	0.0	0.0	0.0	0.06666666666666667	0.06666666666666667	0.0	0.0	0.0
43|1	0.06666666666666667	0.0	0.0	0.0	0.0	0.2	0.06666666666666667	0.2	0.06666666666666667	0.26666666666666666	0.06666666666666667	0.0	0.0	0.0	0.0	0.0	0.06666666666666667	0.0	0.0	0.0
44|1	0.06666666666666667	0.0	0.0	0.0	0.06666666666666667	0.2	0.06666666666666667	0.2	0.06666666666666667	0.26666666666666666	0.0	0.0	0.0	0.0	0.0	0.0	0.06666666666666667	0.0	0.0	0.0
45|1	0.0	0.0	0.0	0.0	0.0	0.0625	0.0	0.0	0.0625	0.0625	0.0	0.125	0.3125	0.0	0.125	0.0	0.125	0.0625	0.0	0.0625
46|1	0.0	0.0	0.0	0.0	0.0	0.0625	0.0625	0.0	0.0625	0.0625	0.0	0.1875	0.3125	0.0	0.125	0.0	0.0625	0.0625	0.0	0.0
47|1	0.0625	0.0	0.0625	0.0	0.0625	0.1875	0.0	0.125	0.125	0.125	0.0	0.0	0.0	0.0	0.0	0.0625	0.0	0.1875	0.0	0.0
48|1	0.0625	0.0	0.0625	0.0	0.0625	0.1875	0.0	0.125	0.125	0.125	0.0	0.0	0.0	0.0	0.0	0.0625	0.0	0.1875	0.0	0.0
49|1	0.0625	0.0	0.0625	0.0	0.0625	0.1875	0.0	0.1875	0.125	0.125	0.0	0.0	0.0	0.0	0.0	0.0625	0.0	0.125	0.0	0.0
50|1	0.0625	0.0	0.0	0.0625	0.0	0.125	0.0	0.125	0.0625	0.3125	0.0	0.0625	0.0	0.0	0.0	0.0625	0.0625	0.0625	0.0	0.0
51|1	0.11764705882352941	0.0	0.0	0.058823529411764705	0.0	0.058823529411764705	0.0	0.17647058823529413	0.17647058823529413	0.11764705882352941	0.0	0.058823529411764705	0.0	0.058823529411764705	0.0	0.058823529411764705	0.0	0.058823529411764705	0.058823529411764705	0.0
52|1	0.0	0.23529411764705882	0.0	0.0	0.058823529411764705	0.058823529411764705	0.0	0.058823529411764705	0.11764705882352941	0.0	0.0	0.0	0.0	0.0	0.23529411764705882	0.0	0.0	0.058823529411764705	0.058823529411764705	0.11764705882352941
53|1	0.0	0.11764705882352941	0.0	0.0	0.11764705882352941	0.0	0.0	0.17647058823529413	0.17647058823529413	0.17647058823529413	0.0	0.0	0.0	0.0	0.058823529411764705	0.058823529411764705	0.11764705882352941	0.0	0.0	0.0
54|1	0.058823529411764705	0.11764705882352941	0.0	0.0	0.0	0.058823529411764705	0.0	0.0	0.17647058823529413	0.0	0.0	0.0	0.23529411764705882	0.0	0.058823529411764705	0.11764705882352941	0.058823529411764705	0.0	0.058823529411764705	0.058823529411764705
55|1	0.058823529411764705	0.0	0.0	0.058823529411764705	0.11764705882352941	0.058823529411764705	0.0	0.058823529411764705	0.11764705882352941	0.0	0.0	0.0	0.23529411764705882	0.11764705882352941	0.17647058823529413	0.0	0.0	0.0	0.0	0.0
56|1	0.0	0.2222222222222222	0.0	0.0	0.1111111111111111	0.05555555555555555	0.0	0.0	0.05555555555555555	0.0	0.0	0.0	0.0	0.0	0.3333333333333333	0.0	0.0	0.05555555555555555	0.05555555555555555	0.1111111111111111
57|1	0.0	0.2222222222222222	0.0	0.0	0.1111111111111111	0.05555555555555555	0.0	0.0	0.1111111111111111	0.0	0.0	0.0	0.0	0.0	0.2777777777777778	0.0	0.0	0.05555555555555555	0.05555555555555555	0.1111111111111111
58|1	0.1111111111111111	0.0	0.0	0.0	0.0	0.16666666666666666	0.0	0.05555555555555555	0.1111111111111111	0.3333333333333333	0.0	0.05555555555555555	0.05555555555555555	0.0	0.0	0.05555555555555555	0.0	0.05555555555555555	0.0	0.0
60|1	0.16666666666666666	0.0	0.0	0.0	0.05555555555555555	0.1111111111111111	0.0	0.16666666666666666	0.1111111111111111	0.2777777777777778	0.0	0.05555555555555555	0.05555555555555555	0.0	0.0	0.0	0.0	0.0	0.0	0.0
61|1	0.05555555555555555	0.0	0.0	0.0	0.05555555555555555	0.05555555555555555	0.05555555555555555	0.05555555555555555	0.2222222222222222	0.16666666666666666	0.1111111111111111	0.0	0.05555555555555555	0.0	0.0	0.05555555555555555	0.0	0.1111111111111111	0.0	0.0
62|1	0.05263157894736842	0.0	0.0	0.0	0.0	0.2631578947368421	0.0	0.0	0.0	0.15789473684210525	0.0	0.0	0.2631578947368421	0.0	0.0	0.15789473684210525	0.0	0.10526315789473684	0.0	0.0
63|1	0.15789473684210525	0.0	0.05263157894736842	0.0	0.10526315789473684	0.10526315789473684	0.0	0.0	0.21052631578947367	0.21052631578947367	0.0	0.0	0.0	0.0	0.0	0.0	0.05263157894736842	0.10526315789473684	0.0	0.0
64|1	0.0	0.0	0.05263157894736842	0.0	0.0	0.2631578947368421	0.0	0.05263157894736842	0.15789473684210525	0.2631578947368421	0.0	0.0	0.05263157894736842	0.0	0.0	0.0	0.0	0.15789473684210525	0.0	0.0
65|1	0.21052631578947367	0.0	0.0	0.0	0.05263157894736842	0.0	0.10526315789473684	0.15789473684210525	0.05263157894736842	0.10526315789473684	0.0	0.10526315789473684	0.05263157894736842	0.0	0.0	0.10526315789473684	0.0	0.05263157894736842	0.0	0.0
66|1	0.25	0.0	0.1	0.0	0.0	0.05	0.0	0.0	0.0	0.15	0.1	0.0	0.1	0.0	0.15	0.05	0.0	0.05	0.0	0.0
67|1	0.0	0.1	0.0	0.0	0.05	0.05	0.0	0.15	0.15	0.15	0.0	0.05	0.1	0.0	0.0	0.0	0.05	0.15	0.0	0.0
68|1	0.2	0.0	0.0	0.0	0.1	0.1	0.0	0.2	0.1	0.1	0.0	0.0	0.05	0.0	0.0	0.05	0.05	0.05	0.0	0.0
69|1	0.1	0.0	0.05	0.0	0.05	0.1	0.1	0.2	0.05	0.15	0.0	0.0	0.0	0.0	0.15	0.05	0.0	0.0	0.0	0.0
70|1	0.05	0.0	0.0	0.0	0.1	0.05	0.05	0.05	0.05	0.0	0.0	0.0	0.35	0.15	0.1	0.0	0.05	0.0	0.0	0.0
71|1	0.09523809523809523	0.19047619047619047	0.0	0.0	0.09523809523809523	0.19047619047619047	0.0	0.047619047619047616	0.0	0.047619047619047616	0.0	0.09523809523809523	0.0	0.0	0.0	0.047619047619047616	0.0	0.09523809523809523	0.047619047619047616	0.047619047619047616
72|1	0.16666666666666666	0.0	0.041666666666666664	0.0	0.08333333333333333	0.125	0.041666666666666664	0.08333333333333333	0.125	0.041666666666666664	0.0	0.041666666666666664	0.0	0.041666666666666664	0.041666666666666664	0.0	0.041666666666666664	0.125	0.0	0.0
73|1	0.20833333333333334	0.0	0.041666666666666664	0.0	0.041666666666666664	0.08333333333333333	0.0	0.125	0.20833333333333334	0.041666666666666664	0.0	0.08333333333333333	0.0	0.041666666666666664	0.0	0.0	0.041666666666666664	0.041666666666666664	0.041666666666666664	0.0
74|1	0.16666666666666666	0.0	0.041666666666666664	0.0	0.0	0.08333333333333333	0.041666666666666664	0.16666666666666666	0.20833333333333334	0.041666666666666664	0.0	0.041666666666666664	0.0	0.041666666666666664	0.0	0.041666666666666664	0.041666666666666664	0.041666666666666664	0.041666666666666664	0.0
75|1	0.16666666666666666	0.0	0.041666666666666664	0.041666666666666664	0.041666666666666664	0.08333333333333333	0.0	0.125	0.20833333333333334	0.041666666666666664	0.0	0.041666666666666664	0.0	0.0	0.0	0.08333333333333333	0.041666666666666664	0.041666666666666664	0.041666666666666664	0.0
76|1	0.20833333333333334	0.0	0.041666666666666664	0.0	0.041666666666666664	0.08333333333333333	0.0	0.125	0.20833333333333334	0.041666666666666664	0.0	0.041666666666666664	0.0	0.041666666666666664	0.0	0.041666666666666664	0.041666666666666664	0.041666666666666664	0.041666666666666664	0.0
77|1	0.125	0.0	0.041666666666666664	0.0	0.125	0.08333333333333333	0.0	0.041666666666666664	0.16666666666666666	0.16666666666666666	0.0	0.0	0.041666666666666664	0.0	0.0	0.16666666666666666	0.0	0.0	0.041666666666666664	0.0
78|1	0.08333333333333333	0.041666666666666664	0.0	0.0	0.0	0.125	0.0	0.08333333333333333	0.16666666666666666	0.2916666666666667	0.0	0.041666666666666664	0.0	0.0	0.16666666666666666	0.0	0.0	0.0	0.0	0.0
79|1	0.0	0.20833333333333334	0.0	0.0	0.041666666666666664	0.16666666666666666	0.0	0.0	0.0	0.041666666666666664	0.0	0.041666666666666664	0.08333333333333333	0.0	0.0	0.20833333333333334	0.125	0.041666666666666664	0.041666666666666664	0.0
80|1	0.04	0.0	0.08	0.0	0.0	0.0	0.04	0.04	0.16	0.28	0.04	0.0	0.0	0.04	0.12	0.0	0.04	0.12	0.0	0.0
81|1	0.12	0.0	0.0	0.0	0.08	0.16	0.16	0.16	0.08	0.08	0.0	0.0	0.0	0.0	0.12	0.0	0.0	0.0	0.04	0.0
82|1	0.12	0.0	0.0	0.0	0.08	0.16	0.16	0.16	0.04	0.08	0.0	0.0	0.0	0.0	0.16	0.0	0.0	0.0	0.04	0.0
83|1	0.16	0.0	0.04	0.04	0.04	0.12	0.0	0.04	0.12	0.08	0.12	0.04	0.0	0.0	0.0	0.04	0.04	0.08	0.04	0.0
84|1	0.038461538461538464	0.038461538461538464	0.07692307692307693	0.038461538461538464	0.0	0.0	0.07692307692307693	0.038461538461538464	0.3076923076923077	0.15384615384615385	0.0	0.038461538461538464	0.0	0.0	0.07692307692307693	0.0	0.0	0.11538461538461539	0.0	0.0
85|1	0.0	0.0	0.0	0.0	0.19230769230769232	0.0	0.038461538461538464	0.07692307692307693	0.0	0.07692307692307693	0.0	0.0	0.3076923076923077	0.0	0.2692307692307692	0.0	0.0	0.0	0.0	0.038461538461538464
86|1	0.19230769230769232	0.0	0.0	0.0	0.038461538461538464	0.15384615384615385	0.07692307692307693	0.038461538461538464	0.038461538461538464	0.07692307692307693	0.0	0.07692307692307693	0.0	0.0	0.038461538461538464	0.038461538461538464	0.038461538461538464	0.11538461538461539	0.07692307692307693	0.0
87|1	0.2962962962962963	0.0	0.0	0.0	0.0	0.037037037037037035	0.0	0.0	0.14814814814814814	0.2222222222222222	0.037037037037037035	0.07407407407407407	0.0	0.0	0.0	0.0	0.037037037037037035	0.1111111111111111	0.037037037037037035	0.0
88|1	0.21428571428571427	0.0	0.03571428571428571	0.0	0.0	0.07142857142857142	0.0	0.0	0.14285714285714285	0.14285714285714285	0.03571428571428571	0.10714285714285714	0.0	0.03571428571428571	0.0	0.0	0.07142857142857142	0.10714285714285714	0.03571428571428571	0.0
89|1	0.0	0.06896551724137931	0.0	0.034482758620689655	0.06896551724137931	0.1724137931034483	0.034482758620689655	0.10344827586206896	0.20689655172413793	0.13793103448275862	0.0	0.06896551724137931	0.0	0.0	0.0	0.0	0.06896551724137931	0.0	0.034482758620689655	0.0
90|1	0.0	0.06896551724137931	0.0	0.034482758620689655	0.06896551724137931	0.1724137931034483	0.034482758620689655	0.10344827586206896	0.1724137931034483	0.13793103448275862	0.0	0.10344827586206896	0.0	0.0	0.0	0.0	0.06896551724137931	0.0	0.034482758620689655	0.0
91|1	0.20689655172413793	0.0	0.06896551724137931	0.034482758620689655	0.034482758620689655	0.10344827586206896	0.0	0.034482758620689655	0.20689655172413793	0.06896551724137931	0.06896551724137931	0.0	0.034482758620689655	0.0	0.0	0.0	0.06896551724137931	0.0	0.06896551724137931	0.0
92|1	0.3448275862068966	0.0	0.0	0.034482758620689655	0.0	0.13793103448275862	0.0	0.06896551724137931	0.13793103448275862	0.10344827586206896	0.0	0.0	0.0	0.06896551724137931	0.0	0.034482758620689655	0.034482758620689655	0.0	0.034482758620689655	0.0
94|1	0.2	0.0	0.0	0.03333333333333333	0.0	0.16666666666666666	0.0	0.03333333333333333	0.13333333333333333	0.16666666666666666	0.03333333333333333	0.03333333333333333	0.0	0.03333333333333333	0.0	0.03333333333333333	0.03333333333333333	0.06666666666666667	0.03333333333333333	0.0
95|1	0.06666666666666667	0.16666666666666666	0.0	0.0	0.0	0.03333333333333333	0.0	0.13333333333333333	0.16666666666666666	0.03333333333333333	0.0	0.03333333333333333	0.0	0.0	0.0	0.13333333333333333	0.16666666666666666	0.06666666666666667	0.0	0.0
96|1	0.0967741935483871	0.0	0.0	0.12903225806451613	0.0	0.0	0.0	0.03225806451612903	0.0967741935483871	0.16129032258064516	0.03225806451612903	0.0	0.03225806451612903	0.0967741935483871	0.12903225806451613	0.0967741935483871	0.0	0.03225806451612903	0.0	0.06451612903225806
97|1	0.25806451612903225	0.0	0.03225806451612903	0.0	0.03225806451612903	0.0967741935483871	0.03225806451612903	0.03225806451612903	0.12903225806451613	0.12903225806451613	0.06451612903225806	0.0	0.0	0.03225806451612903	0.0	0.03225806451612903	0.0967741935483871	0.0	0.03225806451612903	0.0
98|1	0.06451612903225806	0.0967741935483871	0.0	0.0	0.06451612903225806	0.0967741935483871	0.03225806451612903	0.06451612903225806	0.1935483870967742	0.06451612903225806	0.0	0.0	0.0	0.0	0.03225806451612903	0.0967741935483871	0.16129032258064516	0.03225806451612903	0.0	0.0
99|1	0.0	0.1875	0.0	0.03125	0.0	0.09375	0.0	0.0625	0.0	0.0625	0.0	0.0625	0.0	0.0	0.25	0.15625	0.03125	0.0	0.0	0.0625
100|1	0.09090909090909091	0.06060606060606061	0.06060606060606061	0.0	0.030303030303030304	0.12121212121212122	0.0	0.06060606060606061	0.15151515151515152	0.15151515151515152	0.0	0.030303030303030304	0.0	0.0	0.0	0.09090909090909091	0.09090909090909091	0.030303030303030304	0.030303030303030304	0.0
101|1	0.15151515151515152	0.06060606060606061	0.0	0.030303030303030304	0.06060606060606061	0.09090909090909091	0.0	0.030303030303030304	0.18181818181818182	0.15151515151515152	0.0	0.030303030303030304	0.0	0.06060606060606061	0.0	0.09090909090909091	0.0	0.030303030303030304	0.0	0.030303030303030304
102|1	0.030303030303030304	0.18181818181818182	0.0	0.030303030303030304	0.06060606060606061	0.09090909090909091	0.030303030303030304	0.06060606060606061	0.0	0.030303030303030304	0.0	0.030303030303030304	0.0	0.0	0.2727272727272727	0.030303030303030304	0.06060606060606061	0.030303030303030304	0.0	0.06060606060606061
103|1	0.030303030303030304	0.18181818181818182	0.0	0.030303030303030304	0.06060606060606061	0.12121212121212122	0.0	0.06060606060606061	0.0	0.06060606060606061	0.0	0.030303030303030304	0.0	0.0	0.24242424242424243	0.030303030303030304	0.06060606060606061	0.030303030303030304	0.0	0.06060606060606061
104|1	0.06060606060606061	0.12121212121212122	0.030303030303030304	0.030303030303030304	0.06060606060606061	0.0	0.12121212121212122	0.0	0.09090909090909091	0.06060606060606061	0.09090909090909091	0.0	0.030303030303030304	0.12121212121212122	0.0	0.15151515151515152	0.0	0.0	0.0	0.030303030303030304
105|1	0.3939393939393939	0.0	0.0	0.06060606060606061	0.0	0.09090909090909091	0.0	0.030303030303030304	0.18181818181818182	0.06060606060606061	0.0	0.030303030303030304	0.0	0.0	0.0	0.06060606060606061	0.0	0.06060606060606061	0.030303030303030304	0.0
106|1	0.030303030303030304	0.18181818181818182	0.0	0.030303030303030304	0.06060606060606061	0.12121212121212122	0.030303030303030304	0.06060606060606061	0.0	0.12121212121212122	0.0	0.0	0.0	0.0	0.2727272727272727	0.0	0.0	0.06060606060606061	0.0	0.030303030303030304
107|1	0.23529411764705882	0.058823529411764705	0.0	0.0	0.058823529411764705	0.11764705882352941	0.0	0.0	0.14705882352941177	0.11764705882352941	0.0	0.058823529411764705	0.0	0.058823529411764705	0.0	0.08823529411764706	0.0	0.029411764705882353	0.0	0.029411764705882353
108|1	0.027777777777777776	0.16666666666666666	0.0	0.027777777777777776	0.05555555555555555	0.1388888888888889	0.0	0.027777777777777776	0.0	0.027777777777777776	0.0	0.05555555555555555	0.08333333333333333	0.0	0.19444444444444445	0.027777777777777776	0.05555555555555555	0.0	0.0	0.1111111111111111
109|1	0.1111111111111111	0.16666666666666666	0.027777777777777776	0.0	0.1111111111111111	0.027777777777777776	0.027777777777777776	0.027777777777777776	0.027777777777777776	0.0	0.0	0.027777777777777776	0.0	0.1111111111111111	0.1111111111111111	0.08333333333333333	0.027777777777777776	0.05555555555555555	0.027777777777777776	0.027777777777777776
110|1	0.05555555555555555	0.16666666666666666	0.027777777777777776	0.0	0.1111111111111111	0.1388888888888889	0.05555555555555555	0.0	0.08333333333333333	0.05555555555555555	0.0	0.0	0.05555555555555555	0.0	0.05555555555555555	0.027777777777777776	0.027777777777777776	0.08333333333333333	0.05555555555555555	0.0
111|1	0.05405405405405406	0.16216216216216217	0.0	0.0	0.08108108108108109	0.16216216216216217	0.05405405405405406	0.02702702702702703	0.02702702702702703	0.02702702702702703	0.0	0.02702702702702703	0.02702702702702703	0.05405405405405406	0.16216216216216217	0.02702702702702703	0.05405405405405406	0.0	0.0	0.05405405405405406
112|1	0.10810810810810811	0.05405405405405406	0.05405405405405406	0.0	0.05405405405405406	0.13513513513513514	0.0	0.05405405405405406	0.16216216216216217	0.10810810810810811	0.02702702702702703	0.0	0.0	0.05405405405405406	0.0	0.08108108108108109	0.05405405405405406	0.05405405405405406	0.0	0.0
113|1	0.05405405405405406	0.0	0.05405405405405406	0.0	0.10810810810810811	0.10810810810810811	0.0	0.05405405405405406	0.21621621621621623	0.05405405405405406	0.0	0.02702702702702703	0.0	0.05405405405405406	0.05405405405405406	0.08108108108108109	0.02702702702702703	0.10810810810810811	0.0	0.0
114|1	0.08108108108108109	0.0	0.05405405405405406	0.02702702702702703	0.13513513513513514	0.10810810810810811	0.0	0.05405405405405406	0.24324324324324326	0.05405405405405406	0.0	0.02702702702702703	0.0	0.05405405405405406	0.02702702702702703	0.08108108108108109	0.0	0.05405405405405406	0.0	0.0
115|1	0.10810810810810811	0.0	0.05405405405405406	0.02702702702702703	0.08108108108108109	0.10810810810810811	0.0	0.05405405405405406	0.21621621621621623	0.08108108108108109	0.0	0.02702702702702703	0.0	0.05405405405405406	0.05405405405405406	0.08108108108108109	0.0	0.05405405405405406	0.0	0.0
116|1	0.05405405405405406	0.0	0.05405405405405406	0.0	0.10810810810810811	0.08108108108108109	0.0	0.05405405405405406	0.21621621621621623	0.05405405405405406	0.0	0.02702702702702703	0.0	0.05405405405405406	0.05405405405405406	0.10810810810810811	0.02702702702702703	0.10810810810810811	0.0	0.0
117|1	0.02702702702702703	0.0	0.08108108108108109	0.0	0.0	0.16216216216216217	0.02702702702702703	0.10810810810810811	0.08108108108108109	0.05405405405405406	0.0	0.10810810810810811	0.13513513513513514	0.08108108108108109	0.0	0.05405405405405406	0.02702702702702703	0.0	0.02702702702702703	0.02702702702702703
118|1	0.02631578947368421	0.15789473684210525	0.02631578947368421	0.02631578947368421	0.05263157894736842	0.13157894736842105	0.0	0.05263157894736842	0.18421052631578946	0.0	0.0	0.05263157894736842	0.02631578947368421	0.0	0.0	0.10526315789473684	0.02631578947368421	0.10526315789473684	0.02631578947368421	0.0
119|1	0.05263157894736842	0.15789473684210525	0.0	0.0	0.07894736842105263	0.15789473684210525	0.05263157894736842	0.02631578947368421	0.02631578947368421	0.02631578947368421	0.0	0.05263157894736842	0.02631578947368421	0.05263157894736842	0.15789473684210525	0.02631578947368421	0.05263157894736842	0.0	0.0	0.05263157894736842
120|1	0.02631578947368421	0.15789473684210525	0.0	0.0	0.02631578947368421	0.15789473684210525	0.05263157894736842	0.02631578947368421	0.0	0.07894736842105263	0.0	0.02631578947368421	0.02631578947368421	0.02631578947368421	0.13157894736842105	0.10526315789473684	0.05263157894736842	0.0	0.02631578947368421	0.07894736842105263
121|1	0.1282051282051282	0.15384615384615385	0.0	0.0	0.0	0.10256410256410256	0.0	0.0	0.05128205128205128	0.07692307692307693	0.0	0.15384615384615385	0.0	0.02564102564102564	0.0	0.05128205128205128	0.07692307692307693	0.07692307692307693	0.07692307692307693	0.02564102564102564
122|1	0.1794871794871795	0.0	0.05128205128205128	0.10256410256410256	0.05128205128205128	0.07692307692307693	0.0	0.15384615384615385	0.07692307692307693	0.02564102564102564	0.0	0.02564102564102564	0.02564102564102564	0.07692307692307693	0.07692307692307693	0.02564102564102564	0.02564102564102564	0.02564102564102564	0.0	0.0
123|1	0.275	0.0	0.1	0.05	0.0	0.05	0.0	0.05	0.1	0.15	0.025	0.05	0.125	0.0	0.0	0.025	0.0	0.0	0.0	0.0
124|1	0.075	0.15	0.025	0.0	0.025	0.175	0.05	0.05	0.025	0.075	0.0	0.05	0.0	0.025	0.075	0.05	0.05	0.075	0.0	0.025
125|1	0.0	0.15	0.025	0.0	0.075	0.15	0.0	0.05	0.05	0.075	0.0	0.05	0.025	0.0	0.175	0.1	0.0	0.025	0.0	0.05
126|1	0.0975609756097561	0.04878048780487805	0.0	0.04878048780487805	0.04878048780487805	0.04878048780487805	0.04878048780487805	0.0975609756097561	0.04878048780487805	0.04878048780487805	0.04878048780487805	0.0	0.04878048780487805	0.024390243902439025	0.024390243902439025	0.12195121951219512	0.17073170731707318	0.024390243902439025	0.0	0.0
127|1	0.0975609756097561	0.04878048780487805	0.0	0.04878048780487805	0.04878048780487805	0.04878048780487805	0.04878048780487805	0.0975609756097561	0.024390243902439025	0.04878048780487805	0.04878048780487805	0.0	0.04878048780487805	0.04878048780487805	0.024390243902439025	0.12195121951219512	0.14634146341463414	0.04878048780487805	0.0	0.0
128|1	0.07317073170731707	0.1951219512195122	0.0	0.0	0.0	0.17073170731707318	0.0	0.0	0.0	0.04878048780487805	0.0	0.024390243902439025	0.0	0.14634146341463414	0.0975609756097561	0.14634146341463414	0.024390243902439025	0.0	0.024390243902439025	0.04878048780487805
129|1	0.023809523809523808	0.14285714285714285	0.023809523809523808	0.0	0.11904761904761904	0.11904761904761904	0.0	0.023809523809523808	0.0	0.023809523809523808	0.0	0.023809523809523808	0.023809523809523808	0.0	0.19047619047619047	0.11904761904761904	0.023809523809523808	0.047619047619047616	0.0	0.09523809523809523
130|1	0.023809523809523808	0.14285714285714285	0.023809523809523808	0.0	0.11904761904761904	0.11904761904761904	0.0	0.047619047619047616	0.0	0.023809523809523808	0.0	0.023809523809523808	0.023809523809523808	0.0	0.19047619047619047	0.09523809523809523	0.047619047619047616	0.023809523809523808	0.0	0.09523809523809523
131|1	0.09523809523809523	0.0	0.14285714285714285	0.07142857142857142	0.0	0.023809523809523808	0.023809523809523808	0.09523809523809523	0.047619047619047616	0.09523809523809523	0.0	0.047619047619047616	0.11904761904761904	0.0	0.07142857142857142	0.023809523809523808	0.047619047619047616	0.023809523809523808	0.023809523809523808	0.047619047619047616
132|1	0.023809523809523808	0.0	0.047619047619047616	0.047619047619047616	0.047619047619047616	0.0	0.023809523809523808	0.14285714285714285	0.023809523809523808	0.047619047619047616	0.0	0.0	0.2619047619047619	0.023809523809523808	0.11904761904761904	0.07142857142857142	0.047619047619047616	0.023809523809523808	0.023809523809523808	0.023809523809523808
133|1	0.13953488372093023	0.046511627906976744	0.023255813953488372	0.0	0.023255813953488372	0.13953488372093023	0.023255813953488372	0.023255813953488372	0.09302325581395349	0.023255813953488372	0.023255813953488372	0.18604651162790697	0.0	0.0	0.0	0.06976744186046512	0.046511627906976744	0.06976744186046512	0.023255813953488372	0.046511627906976744
134|1	0.13953488372093023	0.06976744186046512	0.046511627906976744	0.046511627906976744	0.046511627906976744	0.16279069767441862	0.0	0.09302325581395349	0.06976744186046512	0.06976744186046512	0.023255813953488372	0.023255813953488372	0.046511627906976744	0.0	0.0	0.023255813953488372	0.046511627906976744	0.06976744186046512	0.023255813953488372	0.0
135|1	0.06976744186046512	0.13953488372093023	0.023255813953488372	0.0	0.023255813953488372	0.09302325581395349	0.06976744186046512	0.06976744186046512	0.06976744186046512	0.046511627906976744	0.0	0.023255813953488372	0.023255813953488372	0.06976744186046512	0.046511627906976744	0.046511627906976744	0.06976744186046512	0.06976744186046512	0.023255813953488372	0.023255813953488372
136|1	0.13953488372093023	0.046511627906976744	0.023255813953488372	0.0	0.0	0.20930232558139536	0.0	0.06976744186046512	0.11627906976744186	0.023255813953488372	0.0	0.11627906976744186	0.0	0.0	0.0	0.09302325581395349	0.023255813953488372	0.046511627906976744	0.046511627906976744	0.046511627906976744
137|1	0.13953488372093023	0.13953488372093023	0.023255813953488372	0.023255813953488372	0.046511627906976744	0.11627906976744186	0.046511627906976744	0.046511627906976744	0.046511627906976744	0.06976744186046512	0.0	0.06976744186046512	0.0	0.023255813953488372	0.046511627906976744	0.046511627906976744	0.023255813953488372	0.09302325581395349	0.0	0.0
138|1	0.13953488372093023	0.13953488372093023	0.023255813953488372	0.023255813953488372	0.046511627906976744	0.11627906976744186	0.046511627906976744	0.046511627906976744	0.046511627906976744	0.06976744186046512	0.0	0.06976744186046512	0.0	0.023255813953488372	0.046511627906976744	0.06976744186046512	0.023255813953488372	0.06976744186046512	0.0	0.0
139|1	0.11627906976744186	0.13953488372093023	0.046511627906976744	0.0	0.0	0.09302325581395349	0.023255813953488372	0.06976744186046512	0.06976744186046512	0.09302325581395349	0.023255813953488372	0.046511627906976744	0.0	0.046511627906976744	0.06976744186046512	0.06976744186046512	0.023255813953488372	0.06976744186046512	0.0	0.0
140|1	0.06818181818181818	0.1590909090909091	0.0	0.0	0.022727272727272728	0.1590909090909091	0.045454545454545456	0.022727272727272728	0.045454545454545456	0.045454545454545456	0.022727272727272728	0.045454545454545456	0.022727272727272728	0.045454545454545456	0.1590909090909091	0.022727272727272728	0.045454545454545456	0.022727272727272728	0.0	0.045454545454545456
141|1	0.0	0.13636363636363635	0.0	0.0	0.06818181818181818	0.11363636363636363	0.0	0.022727272727272728	0.0	0.06818181818181818	0.0	0.022727272727272728	0.06818181818181818	0.06818181818181818	0.13636363636363635	0.09090909090909091	0.06818181818181818	0.045454545454545456	0.0	0.09090909090909091
142|1	0.045454545454545456	0.13636363636363635	0.045454545454545456	0.045454545454545456	0.022727272727272728	0.1590909090909091	0.022727272727272728	0.022727272727272728	0.06818181818181818	0.022727272727272728	0.0	0.09090909090909091	0.0	0.0	0.045454545454545456	0.06818181818181818	0.045454545454545456	0.06818181818181818	0.045454545454545456	0.045454545454545456
143|1	0.13636363636363635	0.0	0.022727272727272728	0.045454545454545456	0.0	0.06818181818181818	0.0	0.06818181818181818	0.1590909090909091	0.045454545454545456	0.0	0.045454545454545456	0.045454545454545456	0.045454545454545456	0.0	0.09090909090909091	0.045454545454545456	0.09090909090909091	0.06818181818181818	0.022727272727272728
144|1	0.13636363636363635	0.0	0.022727272727272728	0.06818181818181818	0.022727272727272728	0.045454545454545456	0.0	0.045454545454545456	0.18181818181818182	0.06818181818181818	0.0	0.09090909090909091	0.045454545454545456	0.0	0.0	0.06818181818181818	0.06818181818181818	0.06818181818181818	0.06818181818181818	0.0
145|1	0.045454545454545456	0.13636363636363635	0.045454545454545456	0.06818181818181818	0.022727272727272728	0.13636363636363635	0.022727272727272728	0.022727272727272728	0.06818181818181818	0.022727272727272728	0.0	0.09090909090909091	0.0	0.0	0.045454545454545456	0.06818181818181818	0.045454545454545456	0.045454545454545456	0.06818181818181818	0.045454545454545456
147|1	0.08888888888888889	0.0	0.022222222222222223	0.08888888888888889	0.044444444444444446	0.13333333333333333	0.0	0.0	0.24444444444444444	0.15555555555555556	0.022222222222222223	0.0	0.022222222222222223	0.022222222222222223	0.022222222222222223	0.06666666666666667	0.0	0.022222222222222223	0.022222222222222223	0.022222222222222223
148|1	0.021739130434782608	0.06521739130434782	0.08695652173913043	0.0	0.043478260869565216	0.043478260869565216	0.0	0.021739130434782608	0.13043478260869565	0.08695652173913043	0.021739130434782608	0.06521739130434782	0.043478260869565216	0.0	0.021739130434782608	0.043478260869565216	0.17391304347826086	0.06521739130434782	0.021739130434782608	0.043478260869565216
150|1	0.0	0.06382978723404255	0.02127659574468085	0.10638297872340426	0.0425531914893617	0.0851063829787234	0.02127659574468085	0.0425531914893617	0.0425531914893617	0.1276595744680851	0.06382978723404255	0.10638297872340426	0.02127659574468085	0.0425531914893617	0.02127659574468085	0.02127659574468085	0.10638297872340426	0.0425531914893617	0.02127659574468085	0.0
151|1	0.0	0.06382978723404255	0.02127659574468085	0.10638297872340426	0.0425531914893617	0.0851063829787234	0.02127659574468085	0.0425531914893617	0.02127659574468085	0.1276595744680851	0.06382978723404255	0.1276595744680851	0.02127659574468085	0.0425531914893617	0.02127659574468085	0.02127659574468085	0.10638297872340426	0.0425531914893617	0.02127659574468085	0.0
152|1	0.0625	0.0625	0.0625	0.10416666666666667	0.020833333333333332	0.08333333333333333	0.0	0.08333333333333333	0.08333333333333333	0.041666666666666664	0.041666666666666664	0.08333333333333333	0.020833333333333332	0.0	0.020833333333333332	0.08333333333333333	0.041666666666666664	0.08333333333333333	0.020833333333333332	0.0
153|1	0.1875	0.0	0.020833333333333332	0.020833333333333332	0.041666666666666664	0.0625	0.0	0.041666666666666664	0.1875	0.14583333333333334	0.020833333333333332	0.041666666666666664	0.020833333333333332	0.0625	0.0625	0.041666666666666664	0.0	0.041666666666666664	0.0	0.0
154|1	0.1	0.12	0.12	0.12	0.02	0.0	0.02	0.04	0.02	0.1	0.04	0.0	0.0	0.0	0.02	0.18	0.04	0.06	0.0	0.0
156|1	0.0	0.16	0.1	0.04	0.02	0.08	0.0	0.02	0.16	0.02	0.0	0.04	0.16	0.06	0.06	0.02	0.0	0.04	0.0	0.02
157|1	0.06	0.16	0.02	0.06	0.02	0.12	0.04	0.04	0.1	0.04	0.0	0.04	0.04	0.02	0.04	0.08	0.02	0.02	0.02	0.06
158|1	0.0196078431372549	0.058823529411764705	0.0196078431372549	0.09803921568627451	0.058823529411764705	0.0784313725490196	0.0392156862745098	0.058823529411764705	0.0392156862745098	0.09803921568627451	0.0392156862745098	0.0784313725490196	0.0	0.058823529411764705	0.0	0.11764705882352941	0.058823529411764705	0.058823529411764705	0.0196078431372549	0.0
159|1	0.058823529411764705	0.058823529411764705	0.0196078431372549	0.11764705882352941	0.0392156862745098	0.058823529411764705	0.0392156862745098	0.09803921568627451	0.058823529411764705	0.0784313725490196	0.0196078431372549	0.09803921568627451	0.0	0.0392156862745098	0.0	0.0784313725490196	0.058823529411764705	0.058823529411764705	0.0196078431372549	0.0
160|1	0.0784313725490196	0.0784313725490196	0.0196078431372549	0.0392156862745098	0.058823529411764705	0.058823529411764705	0.0196078431372549	0.0392156862745098	0.11764705882352941	0.0392156862745098	0.0196078431372549	0.0392156862745098	0.0196078431372549	0.0196078431372549	0.1568627450980392	0.09803921568627451	0.0196078431372549	0.0392156862745098	0.0196078431372549	0.0196078431372549
161|1	0.058823529411764705	0.058823529411764705	0.0196078431372549	0.11764705882352941	0.0392156862745098	0.058823529411764705	0.058823529411764705	0.11764705882352941	0.058823529411764705	0.0784313725490196	0.0196078431372549	0.058823529411764705	0.0	0.0392156862745098	0.0	0.0784313725490196	0.0784313725490196	0.0392156862745098	0.0196078431372549	0.0
162|1	0.09615384615384616	0.07692307692307693	0.057692307692307696	0.07692307692307693	0.057692307692307696	0.057692307692307696	0.0	0.038461538461538464	0.11538461538461539	0.038461538461538464	0.019230769230769232	0.09615384615384616	0.038461538461538464	0.0	0.019230769230769232	0.09615384615384616	0.038461538461538464	0.057692307692307696	0.0	0.019230769230769232
163|1	0.09615384615384616	0.07692307692307693	0.057692307692307696	0.09615384615384616	0.057692307692307696	0.057692307692307696	0.0	0.019230769230769232	0.11538461538461539	0.057692307692307696	0.019230769230769232	0.07692307692307693	0.038461538461538464	0.0	0.019230769230769232	0.09615384615384616	0.038461538461538464	0.057692307692307696	0.0	0.019230769230769232
164|1	0.09615384615384616	0.0	0.019230769230769232	0.019230769230769232	0.057692307692307696	0.07692307692307693	0.038461538461538464	0.057692307692307696	0.0	0.11538461538461539	0.038461538461538464	0.057692307692307696	0.15384615384615385	0.057692307692307696	0.057692307692307696	0.038461538461538464	0.057692307692307696	0.038461538461538464	0.0	0.019230769230769232
165|1	0.09615384615384616	0.11538461538461539	0.07692307692307693	0.1346153846153846	0.019230769230769232	0.019230769230769232	0.0	0.07692307692307693	0.038461538461538464	0.057692307692307696	0.07692307692307693	0.038461538461538464	0.019230769230769232	0.0	0.0	0.057692307692307696	0.11538461538461539	0.057692307692307696	0.0	0.0
166|1	0.018867924528301886	0.05660377358490566	0.03773584905660377	0.05660377358490566	0.018867924528301886	0.05660377358490566	0.018867924528301886	0.018867924528301886	0.018867924528301886	0.07547169811320754	0.03773584905660377	0.11320754716981132	0.018867924528301886	0.03773584905660377	0.03773584905660377	0.11320754716981132	0.05660377358490566	0.1320754716981132	0.05660377358490566	0.018867924528301886
167|1	0.20754716981132076	0.03773584905660377	0.07547169811320754	0.05660377358490566	0.0	0.1320754716981132	0.018867924528301886	0.0	0.03773584905660377	0.03773584905660377	0.05660377358490566	0.03773584905660377	0.09433962264150944	0.03773584905660377	0.018867924528301886	0.05660377358490566	0.018867924528301886	0.07547169811320754	0.0	0.0
168|1	0.01818181818181818	0.05454545454545454	0.03636363636363636	0.01818181818181818	0.01818181818181818	0.09090909090909091	0.0	0.03636363636363636	0.14545454545454545	0.10909090909090909	0.01818181818181818	0.09090909090909091	0.01818181818181818	0.03636363636363636	0.0	0.12727272727272726	0.09090909090909091	0.07272727272727272	0.0	0.01818181818181818
169|1	0.125	0.0	0.017857142857142856	0.08928571428571429	0.07142857142857142	0.05357142857142857	0.0	0.017857142857142856	0.17857142857142858	0.08928571428571429	0.017857142857142856	0.03571428571428571	0.08928571428571429	0.017857142857142856	0.05357142857142857	0.05357142857142857	0.017857142857142856	0.03571428571428571	0.017857142857142856	0.017857142857142856
170|1	0.017857142857142856	0.08928571428571429	0.08928571428571429	0.017857142857142856	0.05357142857142857	0.03571428571428571	0.0	0.03571428571428571	0.125	0.08928571428571429	0.017857142857142856	0.017857142857142856	0.03571428571428571	0.07142857142857142	0.0	0.10714285714285714	0.10714285714285714	0.07142857142857142	0.017857142857142856	0.0
171|1	0.10714285714285714	0.08928571428571429	0.0	0.08928571428571429	0.03571428571428571	0.16071428571428573	0.0	0.017857142857142856	0.08928571428571429	0.10714285714285714	0.017857142857142856	0.03571428571428571	0.0	0.08928571428571429	0.03571428571428571	0.03571428571428571	0.017857142857142856	0.03571428571428571	0.017857142857142856	0.017857142857142856
172|1	0.07142857142857142	0.125	0.0	0.017857142857142856	0.017857142857142856	0.07142857142857142	0.0	0.08928571428571429	0.03571428571428571	0.10714285714285714	0.03571428571428571	0.017857142857142856	0.0	0.08928571428571429	0.03571428571428571	0.07142857142857142	0.03571428571428571	0.05357142857142857	0.03571428571428571	0.08928571428571429
173|1	0.03508771929824561	0.05263157894736842	0.05263157894736842	0.12280701754385964	0.05263157894736842	0.03508771929824561	0.03508771929824561	0.05263157894736842	0.08771929824561403	0.07017543859649122	0.07017543859649122	0.07017543859649122	0.017543859649122806	0.03508771929824561	0.0	0.07017543859649122	0.05263157894736842	0.08771929824561403	0.0	0.0
174|1	0.03508771929824561	0.05263157894736842	0.05263157894736842	0.12280701754385964	0.05263157894736842	0.03508771929824561	0.03508771929824561	0.03508771929824561	0.08771929824561403	0.07017543859649122	0.05263157894736842	0.07017543859649122	0.017543859649122806	0.03508771929824561	0.0	0.08771929824561403	0.03508771929824561	0.12280701754385964	0.0	0.0
175|1	0.14035087719298245	0.0	0.05263157894736842	0.03508771929824561	0.03508771929824561	0.05263157894736842	0.017543859649122806	0.15789473684210525	0.10526315789473684	0.10526315789473684	0.05263157894736842	0.017543859649122806	0.05263157894736842	0.017543859649122806	0.0	0.017543859649122806	0.017543859649122806	0.10526315789473684	0.0	0.017543859649122806
176|1	0.07017543859649122	0.08771929824561403	0.08771929824561403	0.07017543859649122	0.05263157894736842	0.08771929824561403	0.017543859649122806	0.05263157894736842	0.0	0.03508771929824561	0.03508771929824561	0.08771929824561403	0.017543859649122806	0.017543859649122806	0.0	0.08771929824561403	0.05263157894736842	0.10526315789473684	0.0	0.03508771929824561
177|1	0.05263157894736842	0.08771929824561403	0.05263157894736842	0.0	0.017543859649122806	0.07017543859649122	0.03508771929824561	0.05263157894736842	0.10526315789473684	0.07017543859649122	0.05263157894736842	0.03508771929824561	0.03508771929824561	0.0	0.017543859649122806	0.15789473684210525	0.10526315789473684	0.05263157894736842	0.0	0.0
178|1	0.12280701754385964	0.0	0.05263157894736842	0.03508771929824561	0.07017543859649122	0.05263157894736842	0.017543859649122806	0.12280701754385964	0.08771929824561403	0.10526315789473684	0.017543859649122806	0.05263157894736842	0.05263157894736842	0.017543859649122806	0.0	0.03508771929824561	0.0	0.14035087719298245	0.0	0.017543859649122806
179|1	0.10526315789473684	0.0	0.03508771929824561	0.03508771929824561	0.05263157894736842	0.03508771929824561	0.017543859649122806	0.10526315789473684	0.10526315789473684	0.14035087719298245	0.03508771929824561	0.05263157894736842	0.03508771929824561	0.017543859649122806	0.0	0.05263157894736842	0.03508771929824561	0.12280701754385964	0.0	0.017543859649122806
180|1	0.14035087719298245	0.0	0.07017543859649122	0.03508771929824561	0.03508771929824561	0.03508771929824561	0.017543859649122806	0.14035087719298245	0.08771929824561403	0.12280701754385964	0.05263157894736842	0.03508771929824561	0.05263157894736842	0.017543859649122806	0.0	0.017543859649122806	0.017543859649122806	0.10526315789473684	0.0	0.017543859649122806
181|1	0.05084745762711865	0.06779661016949153	0.06779661016949153	0.1016949152542373	0.05084745762711865	0.05084745762711865	0.01694915254237288	0.01694915254237288	0.03389830508474576	0.05084745762711865	0.03389830508474576	0.1016949152542373	0.01694915254237288	0.03389830508474576	0.0	0.06779661016949153	0.1016949152542373	0.05084745762711865	0.06779661016949153	0.01694915254237288
182|1	0.1694915254237288	0.0	0.0	0.05084745762711865	0.05084745762711865	0.13559322033898305	0.0	0.01694915254237288	0.15254237288135594	0.1864406779661017	0.03389830508474576	0.03389830508474576	0.01694915254237288	0.01694915254237288	0.01694915254237288	0.01694915254237288	0.03389830508474576	0.06779661016949153	0.0	0.0
183|1	0.06666666666666667	0.05	0.03333333333333333	0.06666666666666667	0.03333333333333333	0.05	0.0	0.03333333333333333	0.16666666666666666	0.08333333333333333	0.016666666666666666	0.08333333333333333	0.03333333333333333	0.06666666666666667	0.03333333333333333	0.05	0.1	0.03333333333333333	0.0	0.0
184|1	0.03333333333333333	0.0	0.05	0.13333333333333333	0.05	0.016666666666666666	0.0	0.06666666666666667	0.13333333333333333	0.06666666666666667	0.0	0.11666666666666667	0.03333333333333333	0.08333333333333333	0.0	0.06666666666666667	0.08333333333333333	0.03333333333333333	0.0	0.03333333333333333
185|1	0.15	0.0	0.05	0.03333333333333333	0.03333333333333333	0.05	0.016666666666666666	0.15	0.1	0.11666666666666667	0.05	0.03333333333333333	0.05	0.016666666666666666	0.0	0.016666666666666666	0.016666666666666666	0.1	0.0	0.016666666666666666
186|1	0.11475409836065574	0.01639344262295082	0.04918032786885246	0.08196721311475409	0.03278688524590164	0.09836065573770492	0.03278688524590164	0.03278688524590164	0.03278688524590164	0.08196721311475409	0.01639344262295082	0.06557377049180328	0.03278688524590164	0.03278688524590164	0.04918032786885246	0.04918032786885246	0.04918032786885246	0.09836065573770492	0.0	0.03278688524590164
187|1	0.03278688524590164	0.13114754098360656	0.04918032786885246	0.03278688524590164	0.04918032786885246	0.09836065573770492	0.01639344262295082	0.04918032786885246	0.09836065573770492	0.04918032786885246	0.0	0.08196721311475409	0.03278688524590164	0.0	0.01639344262295082	0.08196721311475409	0.04918032786885246	0.01639344262295082	0.04918032786885246	0.06557377049180328
188|1	0.08196721311475409	0.09836065573770492	0.0	0.03278688524590164	0.06557377049180328	0.13114754098360656	0.0	0.08196721311475409	0.03278688524590164	0.08196721311475409	0.03278688524590164	0.06557377049180328	0.06557377049180328	0.04918032786885246	0.04918032786885246	0.03278688524590164	0.0	0.04918032786885246	0.0	0.04918032786885246
189|1	0.01639344262295082	0.01639344262295082	0.04918032786885246	0.14754098360655737	0.04918032786885246	0.04918032786885246	0.0	0.03278688524590164	0.08196721311475409	0.22950819672131148	0.01639344262295082	0.04918032786885246	0.03278688524590164	0.01639344262295082	0.08196721311475409	0.04918032786885246	0.03278688524590164	0.04918032786885246	0.0	0.0
190|1	0.0967741935483871	0.03225806451612903	0.016129032258064516	0.03225806451612903	0.0	0.1774193548387097	0.0	0.04838709677419355	0.11290322580645161	0.04838709677419355	0.03225806451612903	0.11290322580645161	0.0	0.016129032258064516	0.0	0.04838709677419355	0.0967741935483871	0.06451612903225806	0.03225806451612903	0.03225806451612903
191|1	0.03225806451612903	0.04838709677419355	0.04838709677419355	0.12903225806451613	0.04838709677419355	0.0967741935483871	0.0	0.0	0.11290322580645161	0.11290322580645161	0.04838709677419355	0.0	0.04838709677419355	0.0	0.04838709677419355	0.04838709677419355	0.04838709677419355	0.0967741935483871	0.016129032258064516	0.016129032258064516
192|1	0.16129032258064516	0.04838709677419355	0.0	0.04838709677419355	0.03225806451612903	0.24193548387096775	0.016129032258064516	0.016129032258064516	0.06451612903225806	0.016129032258064516	0.016129032258064516	0.06451612903225806	0.016129032258064516	0.0	0.03225806451612903	0.06451612903225806	0.016129032258064516	0.06451612903225806	0.04838709677419355	0.03225806451612903
193|1	0.0967741935483871	0.0	0.06451612903225806	0.06451612903225806	0.04838709677419355	0.04838709677419355	0.016129032258064516	0.06451612903225806	0.11290322580645161	0.12903225806451613	0.016129032258064516	0.016129032258064516	0.04838709677419355	0.03225806451612903	0.03225806451612903	0.04838709677419355	0.04838709677419355	0.0967741935483871	0.0	0.016129032258064516
194|1	0.0	0.04838709677419355	0.06451612903225806	0.08064516129032258	0.06451612903225806	0.06451612903225806	0.0	0.016129032258064516	0.08064516129032258	0.12903225806451613	0.016129032258064516	0.0	0.04838709677419355	0.04838709677419355	0.06451612903225806	0.0967741935483871	0.06451612903225806	0.08064516129032258	0.016129032258064516	0.016129032258064516
195|1	0.047619047619047616	0.06349206349206349	0.1111111111111111	0.047619047619047616	0.07936507936507936	0.047619047619047616	0.0	0.015873015873015872	0.015873015873015872	0.07936507936507936	0.015873015873015872	0.047619047619047616	0.031746031746031744	0.031746031746031744	0.031746031746031744	0.09523809523809523	0.15873015873015872	0.047619047619047616	0.015873015873015872	0.015873015873015872
196|1	0.06349206349206349	0.09523809523809523	0.0	0.031746031746031744	0.06349206349206349	0.12698412698412698	0.0	0.09523809523809523	0.031746031746031744	0.06349206349206349	0.047619047619047616	0.07936507936507936	0.06349206349206349	0.031746031746031744	0.06349206349206349	0.031746031746031744	0.0	0.07936507936507936	0.0	0.031746031746031744
197|1	0.047619047619047616	0.12698412698412698	0.015873015873015872	0.047619047619047616	0.015873015873015872	0.09523809523809523	0.031746031746031744	0.06349206349206349	0.06349206349206349	0.07936507936507936	0.0	0.07936507936507936	0.031746031746031744	0.09523809523809523	0.06349206349206349	0.015873015873015872	0.015873015873015872	0.047619047619047616	0.0	0.06349206349206349
198|1	0.06349206349206349	0.12698412698412698	0.015873015873015872	0.047619047619047616	0.015873015873015872	0.12698412698412698	0.031746031746031744	0.07936507936507936	0.047619047619047616	0.07936507936507936	0.0	0.047619047619047616	0.031746031746031744	0.07936507936507936	0.06349206349206349	0.031746031746031744	0.015873015873015872	0.031746031746031744	0.0	0.06349206349206349
199|1	0.046875	0.078125	0.046875	0.015625	0.015625	0.15625	0.046875	0.03125	0.078125	0.046875	0.046875	0.015625	0.015625	0.015625	0.0	0.109375	0.078125	0.046875	0.03125	0.078125
200|1	0.0625	0.125	0.046875	0.015625	0.015625	0.109375	0.0	0.0	0.078125	0.015625	0.03125	0.078125	0.03125	0.0	0.078125	0.046875	0.0625	0.046875	0.046875	0.109375
